sample_id,subject_id,gesture_id,fold,y_true,y_prob,y_pred,confidence,model_version
sample_0001,101,0,fold_101,0,0.4208132028579712,0,0.5791867971420288,STGAT-h64-heads4-seq64-seed42
sample_0002,101,0,fold_101,0,0.4206331670284271,0,0.5793668627738953,STGAT-h64-heads4-seq64-seed42
sample_0003,101,0,fold_101,0,0.4237624406814575,0,0.5762375593185425,STGAT-h64-heads4-seq64-seed42
sample_0004,101,0,fold_101,0,0.42271700501441956,0,0.5772830247879028,STGAT-h64-heads4-seq64-seed42
sample_0005,101,0,fold_101,0,0.4229367673397064,0,0.5770631432533264,STGAT-h64-heads4-seq64-seed42
sample_0006,101,0,fold_101,0,0.4128113090991974,0,0.5871886610984802,STGAT-h64-heads4-seq64-seed42
sample_0007,101,0,fold_101,0,0.42399564385414124,0,0.5760043859481812,STGAT-h64-heads4-seq64-seed42
sample_0008,101,0,fold_101,0,0.4248841106891632,0,0.5751158595085144,STGAT-h64-heads4-seq64-seed42
sample_0009,101,0,fold_101,0,0.4218367040157318,0,0.5781632661819458,STGAT-h64-heads4-seq64-seed42
sample_0010,101,1,fold_101,0,0.43306204676628113,0,0.5669379830360413,STGAT-h64-heads4-seq64-seed42
sample_0011,101,1,fold_101,0,0.4343607425689697,0,0.5656392574310303,STGAT-h64-heads4-seq64-seed42
sample_0012,101,1,fold_101,0,0.4359920620918274,0,0.5640079379081726,STGAT-h64-heads4-seq64-seed42
sample_0013,101,1,fold_101,0,0.44135037064552307,0,0.5586496591567993,STGAT-h64-heads4-seq64-seed42
sample_0014,101,1,fold_101,0,0.4334711730480194,0,0.5665287971496582,STGAT-h64-heads4-seq64-seed42
sample_0015,101,1,fold_101,0,0.43222540616989136,0,0.5677745938301086,STGAT-h64-heads4-seq64-seed42
sample_0016,101,1,fold_101,0,0.43053579330444336,0,0.5694642663002014,STGAT-h64-heads4-seq64-seed42
sample_0017,101,1,fold_101,0,0.43106159567832947,0,0.5689384341239929,STGAT-h64-heads4-seq64-seed42
sample_0018,101,1,fold_101,0,0.43210500478744507,0,0.5678950548171997,STGAT-h64-heads4-seq64-seed42
sample_0019,101,1,fold_101,0,0.4329189360141754,0,0.567081093788147,STGAT-h64-heads4-seq64-seed42
sample_0020,101,1,fold_101,0,0.4347728192806244,0,0.5652270913124084,STGAT-h64-heads4-seq64-seed42
sample_0021,101,1,fold_101,0,0.4311007261276245,0,0.5688993334770203,STGAT-h64-heads4-seq64-seed42
sample_0022,101,1,fold_101,0,0.43106338381767273,0,0.5689366459846497,STGAT-h64-heads4-seq64-seed42
sample_0023,101,2,fold_101,0,0.4263244569301605,0,0.5736755132675171,STGAT-h64-heads4-seq64-seed42
sample_0024,101,2,fold_101,0,0.42682090401649475,0,0.5731791257858276,STGAT-h64-heads4-seq64-seed42
sample_0025,101,2,fold_101,0,0.42611828446388245,0,0.5738816857337952,STGAT-h64-heads4-seq64-seed42
sample_0026,101,2,fold_101,0,0.4290138781070709,0,0.5709861516952515,STGAT-h64-heads4-seq64-seed42
sample_0027,101,2,fold_101,0,0.4294888973236084,0,0.5705111622810364,STGAT-h64-heads4-seq64-seed42
sample_0028,101,2,fold_101,0,0.428623765707016,0,0.5713762044906616,STGAT-h64-heads4-seq64-seed42
sample_0029,101,2,fold_101,0,0.4302425682544708,0,0.5697574019432068,STGAT-h64-heads4-seq64-seed42
sample_0030,101,2,fold_101,0,0.4293661117553711,0,0.5706338882446289,STGAT-h64-heads4-seq64-seed42
sample_0031,101,2,fold_101,0,0.42921730875968933,0,0.5707827210426331,STGAT-h64-heads4-seq64-seed42
sample_0032,101,2,fold_101,0,0.4264439344406128,0,0.5735560059547424,STGAT-h64-heads4-seq64-seed42
sample_0033,101,2,fold_101,0,0.4249415099620819,0,0.5750584602355957,STGAT-h64-heads4-seq64-seed42
sample_0034,101,2,fold_101,0,0.4243339002132416,0,0.5756661295890808,STGAT-h64-heads4-seq64-seed42
sample_0035,101,3,fold_101,0,0.43216192722320557,0,0.5678380727767944,STGAT-h64-heads4-seq64-seed42
sample_0036,101,3,fold_101,0,0.43393608927726746,0,0.5660638809204102,STGAT-h64-heads4-seq64-seed42
sample_0037,101,3,fold_101,0,0.4315447509288788,0,0.5684552788734436,STGAT-h64-heads4-seq64-seed42
sample_0038,101,3,fold_101,0,0.4347342252731323,0,0.5652657747268677,STGAT-h64-heads4-seq64-seed42
sample_0039,101,3,fold_101,0,0.43518322706222534,0,0.5648167729377747,STGAT-h64-heads4-seq64-seed42
sample_0040,101,3,fold_101,0,0.4346344769001007,0,0.5653654932975769,STGAT-h64-heads4-seq64-seed42
sample_0041,101,3,fold_101,0,0.4363478124141693,0,0.5636522173881531,STGAT-h64-heads4-seq64-seed42
sample_0042,101,3,fold_101,0,0.43608352541923523,0,0.5639164447784424,STGAT-h64-heads4-seq64-seed42
sample_0043,101,3,fold_101,0,0.4369378983974457,0,0.5630621314048767,STGAT-h64-heads4-seq64-seed42
sample_0044,101,3,fold_101,0,0.4306071698665619,0,0.5693928599357605,STGAT-h64-heads4-seq64-seed42
sample_0045,101,3,fold_101,0,0.4308343827724457,0,0.5691656470298767,STGAT-h64-heads4-seq64-seed42
sample_0046,101,3,fold_101,0,0.43264496326446533,0,0.5673549771308899,STGAT-h64-heads4-seq64-seed42
sample_0047,101,4,fold_101,0,0.4166952967643738,0,0.5833046436309814,STGAT-h64-heads4-seq64-seed42
sample_0048,101,4,fold_101,1,0.4145418405532837,0,0.5854580998420715,STGAT-h64-heads4-seq64-seed42
sample_0049,101,4,fold_101,0,0.4109809696674347,0,0.5890190601348877,STGAT-h64-heads4-seq64-seed42
sample_0050,101,4,fold_101,0,0.4175153076648712,0,0.5824847221374512,STGAT-h64-heads4-seq64-seed42
sample_0051,101,4,fold_101,0,0.4174976944923401,0,0.5825023651123047,STGAT-h64-heads4-seq64-seed42
sample_0052,101,4,fold_101,0,0.41695699095726013,0,0.5830429792404175,STGAT-h64-heads4-seq64-seed42
sample_0053,101,4,fold_101,0,0.4169709086418152,0,0.5830290913581848,STGAT-h64-heads4-seq64-seed42
sample_0054,101,4,fold_101,0,0.41702067852020264,0,0.5829793214797974,STGAT-h64-heads4-seq64-seed42
sample_0055,101,4,fold_101,0,0.41644081473350525,0,0.5835592150688171,STGAT-h64-heads4-seq64-seed42
sample_0056,101,4,fold_101,0,0.4166721999645233,0,0.5833277702331543,STGAT-h64-heads4-seq64-seed42
sample_0057,101,4,fold_101,0,0.41954800486564636,0,0.5804519653320312,STGAT-h64-heads4-seq64-seed42
sample_0058,101,4,fold_101,0,0.4172743856906891,0,0.5827256441116333,STGAT-h64-heads4-seq64-seed42
sample_0059,101,5,fold_101,0,0.4324621856212616,0,0.567537784576416,STGAT-h64-heads4-seq64-seed42
sample_0060,101,5,fold_101,0,0.4327641725540161,0,0.5672357678413391,STGAT-h64-heads4-seq64-seed42
sample_0061,101,5,fold_101,0,0.4347468912601471,0,0.5652530789375305,STGAT-h64-heads4-seq64-seed42
sample_0062,101,5,fold_101,0,0.4302108883857727,0,0.5697891116142273,STGAT-h64-heads4-seq64-seed42
sample_0063,101,5,fold_101,0,0.4359070062637329,0,0.5640929937362671,STGAT-h64-heads4-seq64-seed42
sample_0064,101,5,fold_101,0,0.43627968430519104,0,0.5637204051017761,STGAT-h64-heads4-seq64-seed42
sample_0065,101,5,fold_101,0,0.43525776267051697,0,0.5647421479225159,STGAT-h64-heads4-seq64-seed42
sample_0066,101,5,fold_101,0,0.43576669692993164,0,0.5642333030700684,STGAT-h64-heads4-seq64-seed42
sample_0067,101,5,fold_101,0,0.436796635389328,0,0.5632033348083496,STGAT-h64-heads4-seq64-seed42
sample_0068,101,5,fold_101,0,0.43856844305992126,0,0.5614315867424011,STGAT-h64-heads4-seq64-seed42
sample_0069,101,5,fold_101,1,0.4237716794013977,0,0.5762283205986023,STGAT-h64-heads4-seq64-seed42
sample_0070,101,5,fold_101,0,0.4330121874809265,0,0.5669878125190735,STGAT-h64-heads4-seq64-seed42
sample_0071,101,5,fold_101,0,0.43218666315078735,0,0.5678133368492126,STGAT-h64-heads4-seq64-seed42
sample_0072,101,6,fold_101,0,0.4544936716556549,0,0.5455063581466675,STGAT-h64-heads4-seq64-seed42
sample_0073,101,6,fold_101,0,0.4538787305355072,0,0.5461212396621704,STGAT-h64-heads4-seq64-seed42
sample_0074,101,6,fold_101,0,0.4560108482837677,0,0.5439891219139099,STGAT-h64-heads4-seq64-seed42
sample_0075,101,6,fold_101,0,0.4618172347545624,0,0.5381827354431152,STGAT-h64-heads4-seq64-seed42
sample_0076,101,6,fold_101,0,0.4602152705192566,0,0.5397847294807434,STGAT-h64-heads4-seq64-seed42
sample_0077,101,6,fold_101,0,0.45989570021629333,0,0.5401042699813843,STGAT-h64-heads4-seq64-seed42
sample_0078,101,6,fold_101,0,0.4615478515625,0,0.5384522080421448,STGAT-h64-heads4-seq64-seed42
sample_0079,101,6,fold_101,0,0.46115174889564514,0,0.5388482809066772,STGAT-h64-heads4-seq64-seed42
sample_0080,101,6,fold_101,0,0.45930275321006775,0,0.5406972765922546,STGAT-h64-heads4-seq64-seed42
sample_0081,101,6,fold_101,0,0.4578379988670349,0,0.5421620607376099,STGAT-h64-heads4-seq64-seed42
sample_0082,101,6,fold_101,0,0.4529189169406891,0,0.5470810532569885,STGAT-h64-heads4-seq64-seed42
sample_0083,101,6,fold_101,0,0.4544249475002289,0,0.5455750226974487,STGAT-h64-heads4-seq64-seed42
sample_0084,101,7,fold_101,0,0.42276325821876526,0,0.5772367119789124,STGAT-h64-heads4-seq64-seed42
sample_0085,101,7,fold_101,0,0.4229762554168701,0,0.5770237445831299,STGAT-h64-heads4-seq64-seed42
sample_0086,101,7,fold_101,0,0.4235638380050659,0,0.5764361619949341,STGAT-h64-heads4-seq64-seed42
sample_0087,101,7,fold_101,0,0.4161677956581116,0,0.5838322639465332,STGAT-h64-heads4-seq64-seed42
sample_0088,101,7,fold_101,0,0.41413041949272156,0,0.585869550704956,STGAT-h64-heads4-seq64-seed42
sample_0089,101,7,fold_101,0,0.4142524003982544,0,0.5857475399971008,STGAT-h64-heads4-seq64-seed42
sample_0090,101,7,fold_101,0,0.4142428934574127,0,0.5857570767402649,STGAT-h64-heads4-seq64-seed42
sample_0091,101,7,fold_101,0,0.41460177302360535,0,0.585398256778717,STGAT-h64-heads4-seq64-seed42
sample_0092,101,7,fold_101,0,0.4141285717487335,0,0.5858714580535889,STGAT-h64-heads4-seq64-seed42
sample_0093,101,7,fold_101,0,0.42483341693878174,0,0.5751665234565735,STGAT-h64-heads4-seq64-seed42
sample_0094,101,7,fold_101,0,0.4246966242790222,0,0.5753033757209778,STGAT-h64-heads4-seq64-seed42
sample_0095,101,7,fold_101,0,0.4244380593299866,0,0.5755620002746582,STGAT-h64-heads4-seq64-seed42
sample_0096,101,8,fold_101,0,0.42218148708343506,0,0.5778185725212097,STGAT-h64-heads4-seq64-seed42
sample_0097,101,8,fold_101,0,0.4220310151576996,0,0.5779690146446228,STGAT-h64-heads4-seq64-seed42
sample_0098,101,8,fold_101,0,0.4218514561653137,0,0.578148603439331,STGAT-h64-heads4-seq64-seed42
sample_0099,101,8,fold_101,0,0.41049692034721375,0,0.5895031094551086,STGAT-h64-heads4-seq64-seed42
sample_0100,101,8,fold_101,0,0.4093456566333771,0,0.5906543135643005,STGAT-h64-heads4-seq64-seed42
sample_0101,101,8,fold_101,0,0.40961939096450806,0,0.5903806090354919,STGAT-h64-heads4-seq64-seed42
sample_0102,101,8,fold_101,0,0.4091635048389435,0,0.5908365249633789,STGAT-h64-heads4-seq64-seed42
sample_0103,101,8,fold_101,0,0.4091731011867523,0,0.5908268690109253,STGAT-h64-heads4-seq64-seed42
sample_0104,101,8,fold_101,0,0.4094180762767792,0,0.5905819535255432,STGAT-h64-heads4-seq64-seed42
sample_0105,101,8,fold_101,0,0.42302650213241577,0,0.5769734382629395,STGAT-h64-heads4-seq64-seed42
sample_0106,101,8,fold_101,0,0.4227360188961029,0,0.5772639513015747,STGAT-h64-heads4-seq64-seed42
sample_0107,101,8,fold_101,0,0.4220007658004761,0,0.5779992341995239,STGAT-h64-heads4-seq64-seed42
sample_0108,102,0,fold_102,0,0.5812273025512695,1,0.5812273025512695,STGAT-h64-heads4-seq64-seed42
sample_0109,102,0,fold_102,0,0.5803338885307312,1,0.5803338885307312,STGAT-h64-heads4-seq64-seed42
sample_0110,102,0,fold_102,0,0.5777333378791809,1,0.5777333378791809,STGAT-h64-heads4-seq64-seed42
sample_0111,102,0,fold_102,0,0.5935688614845276,1,0.5935688614845276,STGAT-h64-heads4-seq64-seed42
sample_0112,102,0,fold_102,0,0.5929432511329651,1,0.5929432511329651,STGAT-h64-heads4-seq64-seed42
sample_0113,102,0,fold_102,0,0.5931405425071716,1,0.5931405425071716,STGAT-h64-heads4-seq64-seed42
sample_0114,102,0,fold_102,0,0.5933164954185486,1,0.5933164954185486,STGAT-h64-heads4-seq64-seed42
sample_0115,102,0,fold_102,0,0.5927125811576843,1,0.5927125811576843,STGAT-h64-heads4-seq64-seed42
sample_0116,102,0,fold_102,0,0.5927961468696594,1,0.5927961468696594,STGAT-h64-heads4-seq64-seed42
sample_0117,102,0,fold_102,0,0.5929010510444641,1,0.5929010510444641,STGAT-h64-heads4-seq64-seed42
sample_0118,102,0,fold_102,0,0.5806159377098083,1,0.5806159377098083,STGAT-h64-heads4-seq64-seed42
sample_0119,102,0,fold_102,0,0.5801624655723572,1,0.5801624655723572,STGAT-h64-heads4-seq64-seed42
sample_0120,102,1,fold_102,0,0.577756404876709,1,0.577756404876709,STGAT-h64-heads4-seq64-seed42
sample_0121,102,1,fold_102,0,0.5765290856361389,1,0.5765290856361389,STGAT-h64-heads4-seq64-seed42
sample_0122,102,1,fold_102,0,0.585338294506073,1,0.585338294506073,STGAT-h64-heads4-seq64-seed42
sample_0123,102,1,fold_102,0,0.585476279258728,1,0.585476279258728,STGAT-h64-heads4-seq64-seed42
sample_0124,102,1,fold_102,0,0.585396409034729,1,0.585396409034729,STGAT-h64-heads4-seq64-seed42
sample_0125,102,1,fold_102,0,0.585707426071167,1,0.585707426071167,STGAT-h64-heads4-seq64-seed42
sample_0126,102,1,fold_102,0,0.5855854153633118,1,0.5855854153633118,STGAT-h64-heads4-seq64-seed42
sample_0127,102,1,fold_102,0,0.5850808024406433,1,0.5850808024406433,STGAT-h64-heads4-seq64-seed42
sample_0128,102,1,fold_102,0,0.5778452754020691,1,0.5778452754020691,STGAT-h64-heads4-seq64-seed42
sample_0129,102,1,fold_102,0,0.5779503583908081,1,0.5779503583908081,STGAT-h64-heads4-seq64-seed42
sample_0130,102,1,fold_102,0,0.576903223991394,1,0.576903223991394,STGAT-h64-heads4-seq64-seed42
sample_0131,102,1,fold_102,0,0.5762277841567993,1,0.5762277841567993,STGAT-h64-heads4-seq64-seed42
sample_0132,102,2,fold_102,0,0.583156168460846,1,0.583156168460846,STGAT-h64-heads4-seq64-seed42
sample_0133,102,2,fold_102,0,0.5831634402275085,1,0.5831634402275085,STGAT-h64-heads4-seq64-seed42
sample_0134,102,2,fold_102,0,0.5827651023864746,1,0.5827651023864746,STGAT-h64-heads4-seq64-seed42
sample_0135,102,2,fold_102,0,0.5830773711204529,1,0.5830773711204529,STGAT-h64-heads4-seq64-seed42
sample_0136,102,2,fold_102,0,0.5889477729797363,1,0.5889477729797363,STGAT-h64-heads4-seq64-seed42
sample_0137,102,2,fold_102,0,0.5917454361915588,1,0.5917454361915588,STGAT-h64-heads4-seq64-seed42
sample_0138,102,2,fold_102,0,0.5913307666778564,1,0.5913307666778564,STGAT-h64-heads4-seq64-seed42
sample_0139,102,2,fold_102,0,0.5914825797080994,1,0.5914825797080994,STGAT-h64-heads4-seq64-seed42
sample_0140,102,2,fold_102,0,0.5917073488235474,1,0.5917073488235474,STGAT-h64-heads4-seq64-seed42
sample_0141,102,2,fold_102,0,0.5915367007255554,1,0.5915367007255554,STGAT-h64-heads4-seq64-seed42
sample_0142,102,2,fold_102,0,0.5914639830589294,1,0.5914639830589294,STGAT-h64-heads4-seq64-seed42
sample_0143,102,2,fold_102,0,0.5809620022773743,1,0.5809620022773743,STGAT-h64-heads4-seq64-seed42
sample_0144,102,2,fold_102,0,0.5829147100448608,1,0.5829147100448608,STGAT-h64-heads4-seq64-seed42
sample_0145,102,3,fold_102,0,0.5788545608520508,1,0.5788545608520508,STGAT-h64-heads4-seq64-seed42
sample_0146,102,3,fold_102,0,0.5781805515289307,1,0.5781805515289307,STGAT-h64-heads4-seq64-seed42
sample_0147,102,3,fold_102,0,0.5784580707550049,1,0.5784580707550049,STGAT-h64-heads4-seq64-seed42
sample_0148,102,3,fold_102,0,0.5872994065284729,1,0.5872994065284729,STGAT-h64-heads4-seq64-seed42
sample_0149,102,3,fold_102,0,0.5863779187202454,1,0.5863779187202454,STGAT-h64-heads4-seq64-seed42
sample_0150,102,3,fold_102,0,0.5866388082504272,1,0.5866388082504272,STGAT-h64-heads4-seq64-seed42
sample_0151,102,3,fold_102,0,0.5870836973190308,1,0.5870836973190308,STGAT-h64-heads4-seq64-seed42
sample_0152,102,3,fold_102,0,0.5869596004486084,1,0.5869596004486084,STGAT-h64-heads4-seq64-seed42
sample_0153,102,3,fold_102,0,0.5871875286102295,1,0.5871875286102295,STGAT-h64-heads4-seq64-seed42
sample_0154,102,3,fold_102,0,0.5789474248886108,1,0.5789474248886108,STGAT-h64-heads4-seq64-seed42
sample_0155,102,3,fold_102,0,0.5791879296302795,1,0.5791879296302795,STGAT-h64-heads4-seq64-seed42
sample_0156,102,3,fold_102,0,0.5781377553939819,1,0.5781377553939819,STGAT-h64-heads4-seq64-seed42
sample_0157,102,4,fold_102,0,0.5876906514167786,1,0.5876906514167786,STGAT-h64-heads4-seq64-seed42
sample_0158,102,4,fold_102,0,0.5869742035865784,1,0.5869742035865784,STGAT-h64-heads4-seq64-seed42
sample_0159,102,4,fold_102,0,0.5870327353477478,1,0.5870327353477478,STGAT-h64-heads4-seq64-seed42
sample_0160,102,4,fold_102,1,0.5960308909416199,1,0.5960308909416199,STGAT-h64-heads4-seq64-seed42
sample_0161,102,4,fold_102,0,0.598986804485321,1,0.598986804485321,STGAT-h64-heads4-seq64-seed42
sample_0162,102,4,fold_102,0,0.5971309542655945,1,0.5971309542655945,STGAT-h64-heads4-seq64-seed42
sample_0163,102,4,fold_102,0,0.5966927409172058,1,0.5966927409172058,STGAT-h64-heads4-seq64-seed42
sample_0164,102,4,fold_102,0,0.5971912145614624,1,0.5971912145614624,STGAT-h64-heads4-seq64-seed42
sample_0165,102,4,fold_102,0,0.5964921116828918,1,0.5964921116828918,STGAT-h64-heads4-seq64-seed42
sample_0166,102,4,fold_102,0,0.5962313413619995,1,0.5962313413619995,STGAT-h64-heads4-seq64-seed42
sample_0167,102,4,fold_102,0,0.587266743183136,1,0.587266743183136,STGAT-h64-heads4-seq64-seed42
sample_0168,102,4,fold_102,0,0.5876016616821289,1,0.5876016616821289,STGAT-h64-heads4-seq64-seed42
sample_0169,102,4,fold_102,0,0.5875054001808167,1,0.5875054001808167,STGAT-h64-heads4-seq64-seed42
sample_0170,102,5,fold_102,0,0.5826521515846252,1,0.5826521515846252,STGAT-h64-heads4-seq64-seed42
sample_0171,102,5,fold_102,0,0.5828043818473816,1,0.5828043818473816,STGAT-h64-heads4-seq64-seed42
sample_0172,102,5,fold_102,0,0.5821008682250977,1,0.5821008682250977,STGAT-h64-heads4-seq64-seed42
sample_0173,102,5,fold_102,0,0.5890030264854431,1,0.5890030264854431,STGAT-h64-heads4-seq64-seed42
sample_0174,102,5,fold_102,0,0.5882194638252258,1,0.5882194638252258,STGAT-h64-heads4-seq64-seed42
sample_0175,102,5,fold_102,0,0.5882379412651062,1,0.5882379412651062,STGAT-h64-heads4-seq64-seed42
sample_0176,102,5,fold_102,0,0.5884315371513367,1,0.5884315371513367,STGAT-h64-heads4-seq64-seed42
sample_0177,102,5,fold_102,0,0.5875762104988098,1,0.5875762104988098,STGAT-h64-heads4-seq64-seed42
sample_0178,102,5,fold_102,0,0.5881422162055969,1,0.5881422162055969,STGAT-h64-heads4-seq64-seed42
sample_0179,102,5,fold_102,0,0.5803073048591614,1,0.5803073048591614,STGAT-h64-heads4-seq64-seed42
sample_0180,102,5,fold_102,0,0.5794404745101929,1,0.5794404745101929,STGAT-h64-heads4-seq64-seed42
sample_0181,102,5,fold_102,0,0.5835375785827637,1,0.5835375785827637,STGAT-h64-heads4-seq64-seed42
sample_0182,102,6,fold_102,0,0.5872142314910889,1,0.5872142314910889,STGAT-h64-heads4-seq64-seed42
sample_0183,102,6,fold_102,0,0.5876935720443726,1,0.5876935720443726,STGAT-h64-heads4-seq64-seed42
sample_0184,102,6,fold_102,0,0.5879066586494446,1,0.5879066586494446,STGAT-h64-heads4-seq64-seed42
sample_0185,102,6,fold_102,0,0.5930067896842957,1,0.5930067896842957,STGAT-h64-heads4-seq64-seed42
sample_0186,102,6,fold_102,0,0.5919267535209656,1,0.5919267535209656,STGAT-h64-heads4-seq64-seed42
sample_0187,102,6,fold_102,0,0.5920893549919128,1,0.5920893549919128,STGAT-h64-heads4-seq64-seed42
sample_0188,102,6,fold_102,0,0.5913388133049011,1,0.5913388133049011,STGAT-h64-heads4-seq64-seed42
sample_0189,102,6,fold_102,0,0.5911288857460022,1,0.5911288857460022,STGAT-h64-heads4-seq64-seed42
sample_0190,102,6,fold_102,0,0.5904285311698914,1,0.5904285311698914,STGAT-h64-heads4-seq64-seed42
sample_0191,102,6,fold_102,0,0.5873830914497375,1,0.5873830914497375,STGAT-h64-heads4-seq64-seed42
sample_0192,102,6,fold_102,0,0.5856412649154663,1,0.5856412649154663,STGAT-h64-heads4-seq64-seed42
sample_0193,102,6,fold_102,0,0.5866166949272156,1,0.5866166949272156,STGAT-h64-heads4-seq64-seed42
sample_0194,102,7,fold_102,0,0.5746331214904785,1,0.5746331214904785,STGAT-h64-heads4-seq64-seed42
sample_0195,102,7,fold_102,0,0.5741103291511536,1,0.5741103291511536,STGAT-h64-heads4-seq64-seed42
sample_0196,102,7,fold_102,0,0.5733559727668762,1,0.5733559727668762,STGAT-h64-heads4-seq64-seed42
sample_0197,102,7,fold_102,0,0.5811303853988647,1,0.5811303853988647,STGAT-h64-heads4-seq64-seed42
sample_0198,102,7,fold_102,0,0.5817728042602539,1,0.5817728042602539,STGAT-h64-heads4-seq64-seed42
sample_0199,102,7,fold_102,0,0.5858446955680847,1,0.5858446955680847,STGAT-h64-heads4-seq64-seed42
sample_0200,102,7,fold_102,0,0.5880512595176697,1,0.5880512595176697,STGAT-h64-heads4-seq64-seed42
sample_0201,102,7,fold_102,0,0.5877631902694702,1,0.5877631902694702,STGAT-h64-heads4-seq64-seed42
sample_0202,102,7,fold_102,0,0.5874225497245789,1,0.5874225497245789,STGAT-h64-heads4-seq64-seed42
sample_0203,102,7,fold_102,0,0.574792742729187,1,0.574792742729187,STGAT-h64-heads4-seq64-seed42
sample_0204,102,7,fold_102,0,0.5751106142997742,1,0.5751106142997742,STGAT-h64-heads4-seq64-seed42
sample_0205,102,7,fold_102,0,0.5749880075454712,1,0.5749880075454712,STGAT-h64-heads4-seq64-seed42
sample_0206,102,8,fold_102,0,0.5743518471717834,1,0.5743518471717834,STGAT-h64-heads4-seq64-seed42
sample_0207,102,8,fold_102,0,0.5752406716346741,1,0.5752406716346741,STGAT-h64-heads4-seq64-seed42
sample_0208,102,8,fold_102,0,0.5734870433807373,1,0.5734870433807373,STGAT-h64-heads4-seq64-seed42
sample_0209,102,8,fold_102,0,0.5926372408866882,1,0.5926372408866882,STGAT-h64-heads4-seq64-seed42
sample_0210,102,8,fold_102,0,0.5928775668144226,1,0.5928775668144226,STGAT-h64-heads4-seq64-seed42
sample_0211,102,8,fold_102,0,0.5922908186912537,1,0.5922908186912537,STGAT-h64-heads4-seq64-seed42
sample_0212,102,8,fold_102,0,0.5936729311943054,1,0.5936729311943054,STGAT-h64-heads4-seq64-seed42
sample_0213,102,8,fold_102,0,0.5912941098213196,1,0.5912941098213196,STGAT-h64-heads4-seq64-seed42
sample_0214,102,8,fold_102,0,0.5906375646591187,1,0.5906375646591187,STGAT-h64-heads4-seq64-seed42
sample_0215,102,8,fold_102,0,0.5744292140007019,1,0.5744292140007019,STGAT-h64-heads4-seq64-seed42
sample_0216,102,8,fold_102,0,0.5745958089828491,1,0.5745958089828491,STGAT-h64-heads4-seq64-seed42
sample_0217,102,8,fold_102,0,0.5747150778770447,1,0.5747150778770447,STGAT-h64-heads4-seq64-seed42
