sample_idx,subject_id,joint_entropy,frame_entropy,joint_variance
0,101,3.2034,4.0669,0.012214
1,101,3.2048,4.1468,0.011089
2,101,3.2073,4.1576,0.009254
3,101,3.2044,4.1289,0.011452
4,101,3.204,4.0961,0.011749
5,101,3.2037,4.0512,0.011934
6,101,3.2072,3.8005,0.009107
7,101,3.2008,4.1271,0.014141
8,101,3.2011,4.1091,0.013875
9,101,3.2033,4.1316,0.012315
10,101,3.2003,4.1248,0.014517
11,101,3.2002,4.1244,0.014578
12,101,3.2003,4.12,0.01456
13,101,3.2005,4.101,0.014395
14,101,3.203,4.1375,0.012437
15,101,3.2037,4.1143,0.011954
16,101,3.2029,4.1325,0.012541
17,101,3.2029,4.1303,0.012554
18,101,3.203,4.1313,0.012512
19,101,3.203,4.1311,0.012507
20,101,3.2031,4.1285,0.012433
21,101,3.2002,4.1301,0.01458
22,101,3.2003,4.1273,0.014562
23,101,3.205,4.138,0.010824
24,101,3.2051,4.1383,0.010732
25,101,3.2052,4.1352,0.010663
26,101,3.2053,4.1329,0.010656
27,101,3.2054,4.1326,0.01057
28,101,3.2052,4.131,0.010727
29,101,3.2054,4.1322,0.010544
30,101,3.2055,4.1327,0.010474
31,101,3.2055,4.1287,0.010512
32,101,3.2052,4.1393,0.010707
33,101,3.2052,4.1417,0.010722
34,101,3.2052,4.1411,0.010709
35,101,3.205,4.1292,0.0108
36,101,3.2051,4.114,0.010735
37,101,3.205,4.1301,0.010802
38,101,3.2053,4.125,0.010635
39,101,3.2052,4.1243,0.010666
40,101,3.2052,4.1249,0.010708
41,101,3.2052,4.1168,0.010728
42,101,3.2053,4.1283,0.010624
43,101,3.2053,4.1308,0.010621
44,101,3.2051,4.1297,0.010737
45,101,3.2051,4.1286,0.010742
46,101,3.2051,4.1235,0.010748
47,101,3.2049,4.1384,0.010945
48,101,3.2043,4.1301,0.011402
49,101,3.2045,4.1412,0.011177
50,101,3.205,4.1261,0.010899
51,101,3.205,4.1223,0.010899
52,101,3.2049,4.1244,0.010961
53,101,3.205,4.1266,0.010875
54,101,3.2049,4.1257,0.010918
55,101,3.2048,4.1274,0.011043
56,101,3.2047,4.1292,0.011076
57,101,3.2048,4.1278,0.010997
58,101,3.2049,4.1231,0.010956
59,101,3.2051,4.1259,0.010723
60,101,3.2052,4.1171,0.010701
61,101,3.2052,4.1133,0.010708
62,101,3.2051,4.1324,0.010735
63,101,3.2052,4.1302,0.010709
64,101,3.2053,4.1334,0.010657
65,101,3.2053,4.1334,0.010668
66,101,3.2053,4.1356,0.010621
67,101,3.2053,4.1271,0.010621
68,101,3.2055,4.1237,0.010515
69,101,3.205,4.1087,0.010878
70,101,3.2051,4.1192,0.010774
71,101,3.2053,4.126,0.010624
72,101,3.2054,4.0844,0.010557
73,101,3.2053,4.0955,0.010663
74,101,3.2053,4.0968,0.010669
75,101,3.2057,4.0613,0.010366
76,101,3.2055,4.0665,0.010509
77,101,3.2055,4.0744,0.010506
78,101,3.2055,4.0838,0.01052
79,101,3.2055,4.0905,0.010567
80,101,3.2055,4.0449,0.010525
81,101,3.2054,4.0763,0.010562
82,101,3.2052,4.1017,0.01071
83,101,3.2052,4.1011,0.010746
84,101,3.2012,4.1357,0.013741
85,101,3.2011,4.1396,0.013818
86,101,3.2015,4.1183,0.01346
87,101,3.2045,4.146,0.011238
88,101,3.203,4.1421,0.012402
89,101,3.203,4.1429,0.012389
90,101,3.2028,4.137,0.012502
91,101,3.2029,4.1371,0.012463
92,101,3.2028,4.1369,0.012498
93,101,3.2014,4.1347,0.013601
94,101,3.2013,4.1389,0.013686
95,101,3.2024,4.135,0.01284
96,101,3.2019,4.143,0.013177
97,101,3.202,4.1438,0.013079
98,101,3.2021,4.1438,0.01306
99,101,3.2048,4.1415,0.011082
100,101,3.2031,4.1338,0.012342
101,101,3.2039,4.0982,0.011755
102,101,3.2032,4.1243,0.012271
103,101,3.203,4.13,0.012454
104,101,3.2029,4.1355,0.012512
105,101,3.2019,4.1407,0.013234
106,101,3.2017,4.1389,0.013345
107,101,3.2021,4.1384,0.013059
108,102,3.2059,4.057,0.010208
109,102,3.2044,4.1453,0.011391
110,102,3.2038,4.145,0.011825
111,102,3.2038,4.1262,0.011848
112,102,3.2038,4.1315,0.011837
113,102,3.2073,4.1572,0.00926
114,102,3.2043,4.0785,0.011468
115,102,3.2041,4.044,0.011592
116,102,3.2038,4.107,0.011879
117,102,3.204,4.0534,0.011673
118,102,3.2045,4.1121,0.011324
119,102,3.2049,4.1365,0.011
120,102,3.2051,4.1265,0.010878
121,102,3.2057,4.063,0.010351
122,102,3.2058,4.0347,0.010297
123,102,3.2042,4.0894,0.011482
124,102,3.2045,4.113,0.011303
125,102,3.2047,4.1292,0.011114
126,102,3.2047,4.1303,0.011104
127,102,3.2043,4.0938,0.011421
128,102,3.2046,4.1278,0.011214
129,102,3.2052,4.0972,0.010769
130,102,3.205,4.1189,0.010919
131,102,3.2053,4.0841,0.010646
132,102,3.2049,4.1146,0.011026
133,102,3.2063,4.134,0.00988
134,102,3.2062,4.1406,0.009933
135,102,3.2066,4.1198,0.009647
136,102,3.2066,4.1096,0.009647
137,102,3.2058,4.1396,0.010219
138,102,3.2054,4.0986,0.010588
139,102,3.2051,4.1324,0.010786
140,102,3.2051,4.1354,0.010764
141,102,3.2054,4.1285,0.010589
142,102,3.2053,4.1396,0.010673
143,102,3.2053,4.142,0.010617
144,102,3.2059,4.1335,0.010126
145,102,3.2061,4.1442,0.009988
146,102,3.2061,4.1228,0.010013
147,102,3.2057,4.1426,0.010289
148,102,3.2058,4.1351,0.01021
149,102,3.2053,4.1368,0.010589
150,102,3.2052,4.1415,0.010656
151,102,3.2052,4.1411,0.010652
152,102,3.205,4.1455,0.010838
153,102,3.2051,4.1455,0.010726
154,102,3.2053,4.1387,0.010648
155,102,3.2063,4.1249,0.009863
156,102,3.2065,4.1046,0.00972
157,102,3.206,4.1336,0.010089
158,102,3.2061,4.1195,0.01005
159,102,3.2061,4.135,0.009977
160,102,3.2061,4.1334,0.01004
161,102,3.2048,4.1233,0.011031
162,102,3.2057,4.1026,0.010354
163,102,3.2057,4.1205,0.010299
164,102,3.2057,4.1231,0.01031
165,102,3.2057,4.1249,0.010284
166,102,3.2057,4.1388,0.010282
167,102,3.2057,4.1308,0.010291
168,102,3.2057,4.1383,0.010301
169,102,3.2061,4.1284,0.009999
170,102,3.2064,4.1411,0.009819
171,102,3.206,4.1345,0.01011
172,102,3.2058,4.1367,0.01027
173,102,3.2059,4.1317,0.010145
174,102,3.2055,4.1328,0.010495
175,102,3.2056,4.1402,0.010417
176,102,3.2055,4.1381,0.010428
177,102,3.2055,4.1339,0.01047
178,102,3.2055,4.138,0.010428
179,102,3.2054,4.1364,0.010537
180,102,3.2059,4.1362,0.010153
181,102,3.206,4.1382,0.010102
182,102,3.2054,4.1428,0.010539
183,102,3.2061,4.1194,0.010074
184,102,3.2062,4.1196,0.009997
185,102,3.2065,4.1014,0.009748
186,102,3.2057,4.0901,0.010377
187,102,3.2056,4.1011,0.010399
188,102,3.2056,4.1066,0.010456
189,102,3.2055,4.1052,0.010528
190,102,3.2054,4.108,0.010567
191,102,3.2054,4.1107,0.010612
192,102,3.2066,4.0939,0.009656
193,102,3.2062,4.1086,0.010005
194,102,3.2062,4.1194,0.010003
195,102,3.2037,4.1414,0.011927
196,102,3.2048,4.1384,0.011055
197,102,3.2045,4.1398,0.011247
198,102,3.2051,4.1205,0.010824
199,102,3.204,4.1393,0.011592
200,102,3.2034,4.1125,0.012077
201,102,3.2037,4.0579,0.011914
202,102,3.2036,4.0293,0.01199
203,102,3.2044,4.1442,0.011389
204,102,3.2039,4.137,0.01175
205,102,3.2039,4.1377,0.011694
206,102,3.2029,4.1429,0.01255
207,102,3.2048,4.1386,0.011044
208,102,3.2056,4.1148,0.010422
209,102,3.2051,4.1278,0.010765
210,102,3.205,4.1413,0.010973
211,102,3.2036,3.9446,0.012072
212,102,3.2039,3.9614,0.011796
213,102,3.2042,3.9874,0.011612
214,102,3.2035,4.1244,0.012143
215,102,3.2048,4.1357,0.011075
216,102,3.2051,4.1344,0.010849
217,102,3.2052,4.1292,0.010753
218,102,3.2052,4.1361,0.010728
219,103,3.2037,4.133,0.011824
220,103,3.2035,4.1266,0.012013
221,103,3.2041,4.1432,0.011517
222,103,3.2046,4.1342,0.01121
223,103,3.2033,4.135,0.012232
224,103,3.2073,4.1575,0.00926
225,103,3.204,4.1012,0.011655
226,103,3.2038,4.0537,0.011844
227,103,3.2035,4.1381,0.012107
228,103,3.2037,4.138,0.011933
229,103,3.2034,4.1334,0.01209
230,103,3.2036,4.1281,0.011898
231,103,3.2034,4.1303,0.012062
232,103,3.203,4.1348,0.012368
233,103,3.2031,4.1393,0.012256
234,103,3.2024,4.1394,0.012819
235,103,3.2033,4.0976,0.012197
236,103,3.204,4.1363,0.011663
237,103,3.204,4.1396,0.01163
238,103,3.2034,4.0826,0.012154
239,103,3.2037,4.1219,0.011922
240,103,3.2038,4.1451,0.011777
241,103,3.2036,4.1446,0.011891
242,103,3.2037,4.1443,0.011816
243,103,3.2032,4.1415,0.01219
244,103,3.2057,4.1434,0.010271
245,103,3.2059,4.146,0.010151
246,103,3.2058,4.1438,0.010214
247,103,3.2054,4.1368,0.01051
248,103,3.2055,4.1373,0.010437
249,103,3.2055,4.1413,0.010456
250,103,3.2054,4.1433,0.01051
251,103,3.2056,4.1434,0.010416
252,103,3.2054,4.1357,0.010537
253,103,3.2056,4.1356,0.010338
254,103,3.2057,4.1419,0.010279
255,103,3.2059,4.1432,0.010153
256,103,3.2057,4.1307,0.010215
257,103,3.2051,4.1313,0.010695
258,103,3.2051,4.1316,0.010652
259,103,3.2054,4.137,0.010559
260,103,3.2054,4.1277,0.010492
261,103,3.2054,4.1401,0.010508
262,103,3.2054,4.1389,0.01052
263,103,3.2055,4.1344,0.010472
264,103,3.2054,4.138,0.01055
265,103,3.2051,4.1387,0.010675
266,103,3.2056,4.1317,0.01029
267,103,3.205,4.1379,0.010747
268,103,3.2058,4.148,0.010163
269,103,3.2058,4.1486,0.010163
270,103,3.2059,4.1252,0.010149
271,103,3.2044,4.129,0.011293
272,103,3.2055,4.1147,0.010467
273,103,3.2056,4.1174,0.010433
274,103,3.2055,4.1278,0.010482
275,103,3.2054,4.1302,0.010557
276,103,3.2055,4.0602,0.010456
277,103,3.2055,4.1385,0.010488
278,103,3.2057,4.1513,0.010272
279,103,3.2058,4.148,0.010213
280,103,3.2061,4.1437,0.009938
281,103,3.2052,4.1344,0.010599
282,103,3.2054,4.1339,0.010442
283,103,3.2052,4.1378,0.010652
284,103,3.2055,4.1378,0.010424
285,103,3.2056,4.1113,0.010409
286,103,3.2055,4.138,0.010487
287,103,3.2055,4.1376,0.010441
288,103,3.2054,4.1374,0.010522
289,103,3.2054,4.1469,0.010496
290,103,3.2056,4.1336,0.010309
291,103,3.2053,4.1301,0.010564
292,103,3.2051,4.139,0.010674
293,103,3.206,4.1199,0.010038
294,103,3.206,4.1113,0.010073
295,103,3.206,4.1203,0.010096
296,103,3.2059,4.0444,0.010243
297,103,3.2059,4.0716,0.010228
298,103,3.2058,4.0902,0.01029
299,103,3.2058,4.0913,0.010273
300,103,3.2057,4.0789,0.010357
301,103,3.2058,4.0752,0.010268
302,103,3.206,4.1138,0.010064
303,103,3.206,4.1163,0.01003
304,103,3.2062,4.0996,0.009932
305,103,3.202,4.1381,0.013068
306,103,3.2018,4.142,0.013185
307,103,3.2024,4.1496,0.012759
308,103,3.2027,4.1098,0.012605
309,103,3.2029,4.0834,0.012427
310,103,3.2024,4.1412,0.012831
311,103,3.2023,4.1416,0.012855
312,103,3.2024,4.1412,0.01281
313,103,3.2032,4.1185,0.012209
314,103,3.2024,4.1457,0.012762
315,103,3.2029,4.1517,0.012423
316,103,3.2026,4.1523,0.012635
317,103,3.2011,4.1395,0.013713
318,103,3.2013,4.1433,0.013581
319,103,3.2015,4.1184,0.013428
320,103,3.2036,4.1112,0.011943
321,103,3.2026,4.1272,0.012703
322,103,3.2027,4.1274,0.012633
323,103,3.2031,4.0759,0.012327
324,103,3.2031,4.0783,0.012328
325,103,3.203,4.1186,0.012461
326,103,3.2019,4.1231,0.013142
327,103,3.2017,4.1293,0.013291
328,103,3.2011,4.1406,0.013715
329,104,3.2034,4.1324,0.012186
330,104,3.2033,4.1347,0.012255
331,104,3.2031,4.1271,0.012439
332,104,3.2033,4.1316,0.01229
333,104,3.2032,4.131,0.012354
334,104,3.2032,4.1291,0.012339
335,104,3.2031,4.1341,0.012357
336,104,3.203,4.1331,0.0124
337,104,3.2029,4.1362,0.012497
338,104,3.2029,4.1314,0.012536
339,104,3.203,4.1336,0.012457
340,104,3.2029,4.1356,0.012516
341,104,3.2031,4.1347,0.012382
342,104,3.2046,4.1385,0.011207
343,104,3.2051,4.1132,0.010842
344,104,3.2051,4.1161,0.010804
345,104,3.2052,4.13,0.010751
346,104,3.2051,4.1223,0.010859
347,104,3.205,4.1176,0.010865
348,104,3.2052,4.11,0.010782
349,104,3.205,4.1184,0.010879
350,104,3.2047,4.1295,0.011113
351,104,3.2048,4.1319,0.011045
352,104,3.2046,4.13,0.011174
353,104,3.2047,4.1321,0.011115
354,104,3.2048,4.117,0.010978
355,104,3.2048,4.1245,0.011004
356,104,3.2051,4.1093,0.01081
357,104,3.2051,4.1077,0.010805
358,104,3.2052,4.1021,0.010736
359,104,3.2049,4.1209,0.010973
360,104,3.2048,4.1366,0.011059
361,104,3.2049,4.13,0.010963
362,104,3.205,4.1117,0.010919
363,104,3.2046,4.1446,0.011162
364,104,3.2046,4.1413,0.011167
365,104,3.2045,4.143,0.011237
366,104,3.2046,4.142,0.011157
367,104,3.2043,4.143,0.011378
368,104,3.2056,4.1091,0.01048
369,104,3.2052,4.1041,0.010815
370,104,3.205,4.1052,0.010963
371,104,3.2048,4.1097,0.01114
372,104,3.2054,4.109,0.01067
373,104,3.2046,4.117,0.01119
374,104,3.2038,4.1008,0.011803
375,104,3.2036,4.1196,0.011911
376,104,3.2031,4.1055,0.012253
377,104,3.2038,4.1358,0.011744
378,104,3.2038,4.1278,0.011771
379,104,3.2043,4.1359,0.011346
380,104,3.2052,4.139,0.010718
381,104,3.2047,4.141,0.011114
382,104,3.2042,4.1187,0.011531
383,104,3.2044,4.1383,0.011379
384,104,3.2041,4.1258,0.01159
385,104,3.2052,4.1368,0.010687
386,105,3.2044,4.1394,0.011304
387,105,3.2035,4.1201,0.012059
388,105,3.2039,4.1274,0.011811
389,105,3.2063,4.0334,0.009878
390,105,3.2035,4.0962,0.01211
391,105,3.2033,4.1264,0.012286
392,105,3.2034,4.1298,0.012195
393,105,3.2035,4.1297,0.012118
394,105,3.2046,4.1455,0.01118
395,105,3.204,4.1439,0.01166
396,105,3.2037,4.123,0.011879
397,105,3.2036,4.1163,0.011916
398,105,3.2042,4.1377,0.011497
399,105,3.2042,4.1417,0.011466
400,105,3.2031,4.1438,0.012359
401,105,3.2041,4.1434,0.011595
402,105,3.2039,4.1431,0.011715
403,105,3.2036,4.1166,0.011982
404,105,3.2035,4.1171,0.012079
405,105,3.2039,4.1386,0.011743
406,105,3.2045,4.1061,0.011301
407,105,3.2037,4.1285,0.011861
408,105,3.2033,4.1435,0.012209
409,105,3.2048,4.1386,0.011029
410,105,3.2054,4.1357,0.010513
411,105,3.2058,4.1394,0.010181
412,105,3.2054,4.137,0.010464
413,105,3.2058,4.1319,0.010247
414,105,3.2061,4.1286,0.010041
415,105,3.2055,4.1433,0.010439
416,105,3.2056,4.1421,0.010381
417,105,3.2058,4.1084,0.010217
418,105,3.2056,4.1419,0.010375
419,105,3.2058,4.1426,0.010192
420,105,3.2056,4.1417,0.010367
421,105,3.2058,4.1384,0.010211
422,105,3.2056,4.1341,0.010375
423,105,3.2055,4.1373,0.010452
424,105,3.2055,4.1412,0.010431
425,105,3.2054,4.1469,0.010504
426,105,3.2055,4.138,0.010392
427,105,3.2057,4.1472,0.010316
428,105,3.2057,4.1453,0.010299
429,105,3.2057,4.1472,0.010287
430,105,3.2057,4.1452,0.0103
431,105,3.2057,4.1475,0.010315
432,105,3.2058,4.1461,0.010228
433,105,3.2057,4.1462,0.010311
434,105,3.2059,4.1459,0.010166
435,105,3.2058,4.1378,0.010163
436,105,3.2056,4.1291,0.010374
437,105,3.2059,4.141,0.010162
438,105,3.2059,4.1409,0.010107
439,105,3.206,4.128,0.010078
440,105,3.2057,4.1338,0.010362
441,105,3.2057,4.1426,0.010357
442,105,3.2058,4.1465,0.010266
443,105,3.2056,4.1394,0.010393
444,105,3.2054,4.1389,0.010538
445,105,3.2055,4.1487,0.010454
446,105,3.2059,4.1455,0.010137
447,105,3.2056,4.1318,0.01036
448,105,3.2056,4.1407,0.010362
449,105,3.2056,4.1302,0.010332
450,105,3.2055,4.1454,0.010408
451,105,3.2062,4.1368,0.009914
452,105,3.2057,4.1405,0.010291
453,105,3.2057,4.1417,0.010324
454,105,3.2058,4.1384,0.010254
455,105,3.2059,4.139,0.010197
456,105,3.206,4.1282,0.010098
457,105,3.2058,4.1401,0.010193
458,105,3.2056,4.1384,0.010371
459,105,3.2058,4.135,0.010187
460,105,3.2064,4.111,0.009789
461,105,3.2062,4.1042,0.00992
462,105,3.2059,4.1069,0.01015
463,105,3.2058,4.1125,0.010221
464,105,3.2054,4.1196,0.01051
465,105,3.2058,4.1382,0.010219
466,105,3.2067,4.0791,0.009583
467,105,3.2059,4.0062,0.010221
468,105,3.2058,4.1064,0.010285
469,105,3.2059,4.0736,0.010176
470,105,3.2058,4.0464,0.010281
471,105,3.2056,4.0701,0.01039
472,105,3.2058,4.0759,0.010241
473,105,3.2057,4.1012,0.010352
474,105,3.2058,4.1005,0.010261
475,105,3.2058,4.0566,0.010259
476,105,3.2036,4.1455,0.011921
477,105,3.2039,4.1406,0.011657
478,105,3.2029,4.1436,0.012432
479,105,3.2039,4.1401,0.011663
480,105,3.2026,4.1149,0.012657
481,105,3.2042,4.1299,0.011443
482,105,3.2035,4.1174,0.011983
483,105,3.2032,4.1293,0.012203
484,105,3.2032,4.0988,0.012226
485,105,3.2047,4.122,0.011115
486,105,3.2027,4.1285,0.012571
487,105,3.2033,4.1276,0.012096
488,105,3.2028,4.1312,0.012509
489,105,3.2043,4.1105,0.011408
490,105,3.2032,4.1156,0.012223
491,105,3.2033,4.1206,0.012152
492,105,3.2048,4.122,0.011031
493,105,3.2048,4.1282,0.010996
494,105,3.2048,4.1227,0.01106
495,105,3.2048,4.1205,0.011036
496,105,3.2033,4.0623,0.012181
497,105,3.2043,4.1207,0.011431
498,105,3.2043,4.1068,0.011432
499,105,3.2049,4.0904,0.010905
500,105,3.2037,4.1106,0.011862
501,106,3.2049,4.1172,0.010951
502,106,3.2049,4.113,0.010951
503,106,3.2057,4.0996,0.010299
504,106,3.2065,4.0442,0.009746
505,106,3.2057,4.1062,0.010335
506,106,3.2049,4.1272,0.010972
507,106,3.2055,4.1225,0.010524
508,106,3.2049,4.1183,0.010953
509,106,3.2045,4.1237,0.011259
510,106,3.2045,4.1263,0.011202
511,106,3.205,4.1125,0.010864
512,106,3.2039,4.1309,0.011685
513,106,3.204,4.1318,0.011586
514,106,3.204,4.1306,0.011549
515,106,3.2063,4.0727,0.009868
516,106,3.2057,4.1173,0.010348
517,106,3.2055,4.1296,0.010515
518,106,3.205,4.1456,0.010835
519,106,3.2053,4.1393,0.010671
520,106,3.2055,4.133,0.010488
521,106,3.2041,4.1305,0.011523
522,106,3.2049,4.1041,0.010912
523,106,3.2046,4.1096,0.011109
524,106,3.2057,4.1436,0.010255
525,106,3.2057,4.1433,0.010261
526,106,3.2059,4.13,0.01015
527,106,3.2053,4.1389,0.010599
528,106,3.2057,4.1138,0.010278
529,106,3.2057,4.1227,0.010332
530,106,3.2056,4.1073,0.01036
531,106,3.2056,4.1068,0.010356
532,106,3.2055,4.1056,0.01044
533,106,3.206,4.1301,0.010046
534,106,3.2058,4.1286,0.010194
535,106,3.2061,4.1361,0.009985
536,106,3.2058,4.1292,0.010173
537,106,3.2059,4.1311,0.010135
538,106,3.2054,4.1359,0.010498
539,106,3.206,4.1344,0.010057
540,106,3.2059,4.1351,0.010129
541,106,3.2059,4.1351,0.01015
542,106,3.2058,4.1335,0.010194
543,106,3.2059,4.1367,0.010162
544,106,3.206,4.1362,0.010084
545,106,3.206,4.1279,0.010065
546,106,3.2056,4.1364,0.010325
547,106,3.2057,4.1246,0.010263
548,106,3.2059,4.1342,0.010142
549,106,3.2056,4.15,0.010323
550,106,3.2059,4.1337,0.010128
551,106,3.2055,4.1375,0.010474
552,106,3.2055,4.1314,0.010422
553,106,3.2057,4.0915,0.010293
554,106,3.2059,4.1199,0.010144
555,106,3.2058,4.1056,0.010194
556,106,3.206,4.1237,0.010057
557,106,3.2056,4.1419,0.010358
558,106,3.2059,4.127,0.01014
559,106,3.2057,4.1479,0.010265
560,106,3.2053,4.1418,0.010558
561,106,3.2061,4.1222,0.010007
562,106,3.2056,4.1277,0.010385
563,106,3.2061,4.1403,0.009996
564,106,3.2057,4.1458,0.010271
565,106,3.206,4.1396,0.010039
566,106,3.2063,4.1381,0.00986
567,106,3.2061,4.1387,0.010025
568,106,3.2063,4.1357,0.009842
569,106,3.2055,4.1413,0.010422
570,106,3.2055,4.1382,0.010436
571,106,3.2057,4.1342,0.010281
572,106,3.2057,4.1127,0.010285
573,106,3.2057,4.1128,0.010308
574,106,3.2066,4.0704,0.009627
575,106,3.2055,4.1111,0.0105
576,106,3.2055,4.1,0.010504
577,106,3.2056,4.1033,0.010409
578,106,3.2057,4.0917,0.010355
579,106,3.2057,4.0832,0.010355
580,106,3.2056,4.1014,0.010405
581,106,3.2058,4.0945,0.010216
582,106,3.2057,4.1054,0.010301
583,106,3.2057,4.0939,0.010326
584,106,3.2042,4.1447,0.011422
585,106,3.2039,4.1503,0.011599
586,106,3.203,4.1409,0.012345
587,106,3.2042,4.149,0.011429
588,106,3.2041,4.1439,0.011517
589,106,3.2039,4.1413,0.01169
590,106,3.2032,4.1002,0.012216
591,106,3.2029,4.1403,0.012491
592,106,3.2036,4.1188,0.011887
593,106,3.2035,4.1468,0.011952
594,106,3.2028,4.149,0.012476
595,106,3.2031,4.1542,0.012259
596,106,3.2036,4.1443,0.011897
597,106,3.2047,4.1475,0.011025
598,106,3.2038,4.1474,0.0117
599,106,3.2042,4.1156,0.011484
600,106,3.2038,4.1085,0.01179
601,106,3.2031,4.1301,0.012341
602,106,3.2031,4.1324,0.012356
603,106,3.2035,4.0568,0.012059
604,106,3.2035,4.0596,0.012029
605,106,3.2038,4.1483,0.011662
606,106,3.2041,4.1485,0.011485
607,106,3.2038,4.1512,0.011698
608,107,3.2039,4.0965,0.011732
609,107,3.2041,4.1209,0.011591
610,107,3.2044,4.128,0.011363
611,107,3.2042,4.123,0.011536
612,107,3.205,4.1407,0.010877
613,107,3.2049,4.1401,0.010961
614,107,3.2049,4.1399,0.010987
615,107,3.2052,4.1403,0.010744
616,107,3.2052,4.1342,0.010769
617,107,3.2043,4.1088,0.011424
618,107,3.2048,4.1323,0.011018
619,107,3.2054,4.1176,0.010572
620,107,3.2045,4.1312,0.011319
621,107,3.2048,4.1304,0.011055
622,107,3.2049,4.1274,0.010983
623,107,3.2058,4.0982,0.010256
624,107,3.2045,4.1419,0.011297
625,107,3.2049,4.136,0.010913
626,107,3.205,4.1357,0.010861
627,107,3.2047,4.1415,0.011085
628,107,3.2049,4.1357,0.010922
629,107,3.2048,4.1333,0.011067
630,107,3.2034,4.1279,0.012065
631,107,3.2047,4.1217,0.011158
632,107,3.2052,4.1071,0.01069
633,107,3.2059,4.1134,0.010118
634,107,3.2053,4.1164,0.010617
635,107,3.2056,4.1137,0.010344
636,107,3.2059,4.1161,0.010173
637,107,3.2062,4.1171,0.009922
638,107,3.2057,4.1136,0.010333
639,107,3.2056,4.112,0.010389
640,107,3.2058,4.124,0.01023
641,107,3.2053,4.1182,0.010631
642,107,3.2057,4.122,0.010278
643,107,3.2052,4.1113,0.010673
644,107,3.2055,4.1198,0.010454
645,107,3.205,4.1226,0.010764
646,107,3.2053,4.1238,0.010558
647,107,3.2058,4.1329,0.010214
648,107,3.2057,4.1371,0.010295
649,107,3.2059,4.1371,0.010139
650,107,3.2059,4.1371,0.010107
651,107,3.2059,4.1368,0.01013
652,107,3.2057,4.1327,0.010294
653,107,3.2057,4.1146,0.010297
654,107,3.2054,4.1223,0.010536
655,107,3.2052,4.1261,0.010632
656,107,3.2054,4.13,0.010495
657,107,3.2055,4.1358,0.010488
658,107,3.2054,4.1282,0.010521
659,107,3.2054,4.1246,0.010527
660,107,3.2054,4.1314,0.010533
661,107,3.2054,4.1355,0.010561
662,107,3.2057,4.1002,0.010328
663,107,3.2058,4.1098,0.010262
664,107,3.2057,4.1078,0.010311
665,107,3.2046,4.1267,0.011121
666,107,3.205,4.0784,0.010877
667,107,3.2049,4.0763,0.010882
668,107,3.2051,4.1282,0.010751
669,107,3.2052,4.134,0.010655
670,107,3.2052,4.1305,0.010691
671,107,3.2057,4.1317,0.010277
672,107,3.206,4.1385,0.010042
673,107,3.2061,4.136,0.010026
674,107,3.2064,4.1297,0.00976
675,107,3.206,4.1327,0.01011
676,107,3.206,4.1389,0.010051
677,107,3.2051,4.1296,0.010719
678,107,3.2051,4.1265,0.010759
679,107,3.2052,4.1331,0.010649
680,107,3.2059,4.0656,0.010158
681,107,3.2059,4.0542,0.01015
682,107,3.2059,4.0872,0.010177
683,107,3.206,4.1262,0.010123
684,107,3.2062,4.1101,0.009969
685,107,3.2057,4.1207,0.010354
686,107,3.2058,4.0936,0.010239
687,107,3.2057,4.1138,0.010303
688,107,3.206,4.1085,0.010091
689,107,3.2057,4.0687,0.010323
690,107,3.2057,4.0727,0.01027
691,107,3.2059,4.0658,0.010152
692,107,3.2031,4.143,0.012306
693,107,3.2034,4.1311,0.012064
694,107,3.2038,4.1256,0.011715
695,107,3.2029,4.0964,0.012462
696,107,3.2032,4.1054,0.012252
697,107,3.2032,4.1119,0.01224
698,107,3.204,4.135,0.011635
699,107,3.2043,4.1379,0.011405
700,107,3.2045,4.1405,0.011247
701,107,3.2032,4.1342,0.012186
702,107,3.2029,4.143,0.012432
703,107,3.2036,4.1279,0.011885
704,107,3.2056,4.1347,0.010412
705,107,3.2043,4.1414,0.011395
706,107,3.2047,4.1369,0.011072
707,107,3.2049,4.129,0.01094
708,107,3.2045,4.124,0.011294
709,107,3.205,4.1346,0.010928
710,107,3.2049,4.1423,0.010939
711,107,3.2048,4.1406,0.011044
712,107,3.2047,4.1356,0.011087
713,107,3.2047,4.1401,0.0111
714,107,3.2064,4.0689,0.009821
715,107,3.2044,4.1427,0.011299
716,107,3.2054,4.1453,0.010565
717,201,3.2065,4.083,0.009662
718,201,3.2059,4.1235,0.01009
719,201,3.2062,4.1172,0.009853
720,201,3.2057,4.1426,0.010252
721,201,3.2022,4.1383,0.012983
722,201,3.2021,4.1448,0.013019
723,201,3.202,4.1448,0.013099
724,201,3.2017,4.1448,0.013364
725,201,3.2061,4.1173,0.009959
726,201,3.2057,4.144,0.010245
727,201,3.202,4.1418,0.013155
728,201,3.2022,4.1381,0.012993
729,201,3.2057,4.1474,0.01026
730,201,3.2049,4.0871,0.010828
731,201,3.2055,4.1401,0.010389
732,201,3.2062,4.1326,0.009859
733,201,3.2051,4.1302,0.010693
734,201,3.2063,4.125,0.009765
735,201,3.206,4.1248,0.009997
736,201,3.2059,4.1355,0.010086
737,201,3.2059,3.9363,0.010101
738,201,3.2031,4.0882,0.012195
739,201,3.2035,4.1296,0.011884
740,201,3.2066,3.8983,0.009601
741,201,3.2041,4.1505,0.011464
742,201,3.2026,4.1464,0.012512
743,201,3.203,4.1218,0.012252
744,201,3.2068,3.8334,0.009422
745,201,3.2032,4.1529,0.012146
746,201,3.2021,4.1552,0.012907
747,201,3.2021,4.1553,0.012923
748,201,3.2032,4.1548,0.011996
749,201,3.2033,4.1158,0.011956
750,201,3.2024,4.1535,0.01265
751,201,3.2024,4.153,0.012638
752,201,3.2019,4.1419,0.012955
753,201,3.202,4.147,0.01289
754,201,3.2018,4.1517,0.012991
755,201,3.2024,4.1532,0.012622
756,201,3.2033,4.1464,0.012033
757,201,3.2027,4.151,0.012362
758,201,3.2021,4.1519,0.012802
759,201,3.2024,4.1528,0.012605
760,201,3.2019,4.1377,0.012939
761,201,3.2015,4.1464,0.013257
762,201,3.2016,4.1351,0.01317
763,201,3.2019,4.1416,0.012911
764,201,3.2028,4.1515,0.012331
765,201,3.2019,4.1568,0.012969
766,201,3.2027,4.1374,0.012403
767,201,3.2021,4.1494,0.012931
768,201,3.2026,4.1533,0.012457
769,201,3.2027,4.1486,0.012389
770,201,3.2035,4.148,0.011963
771,201,3.2032,4.1493,0.011991
772,201,3.2023,4.1499,0.012704
773,201,3.2056,4.1469,0.010262
774,201,3.2056,4.1464,0.010324
775,201,3.2056,4.1414,0.010318
776,201,3.2053,4.1403,0.010484
777,201,3.2015,4.153,0.013212
778,201,3.203,4.1413,0.012242
779,201,3.2026,4.1557,0.012462
780,201,3.2054,4.0023,0.01043
781,201,3.2047,4.037,0.010949
782,201,3.2025,4.1479,0.012543
783,201,3.2028,4.1465,0.012352
784,201,3.2052,4.1459,0.010564
785,201,3.2053,4.1364,0.010543
786,201,3.2028,4.1552,0.012323
787,201,3.2022,4.1415,0.012887
788,201,3.2022,4.1521,0.012802
789,201,3.2022,4.1529,0.012779
790,201,3.2024,4.1552,0.012659
791,201,3.2016,4.1521,0.013247
792,201,3.2037,4.1549,0.011657
793,201,3.2045,4.147,0.011187
794,201,3.2057,4.1497,0.010206
795,201,3.2056,4.1494,0.010295
796,201,3.2057,4.1455,0.010177
797,201,3.2058,4.1491,0.010091
798,201,3.2058,4.1523,0.010149
799,201,3.2058,4.1462,0.01014
800,201,3.203,4.1469,0.012309
801,201,3.2041,4.1277,0.01147
802,201,3.2039,4.1405,0.011555
803,201,3.2036,4.1503,0.011764
804,201,3.2028,4.0862,0.012393
805,201,3.2047,4.0925,0.010972
806,201,3.2035,4.138,0.011862
807,201,3.2031,4.1561,0.012179
808,201,3.2034,4.1549,0.012098
809,201,3.2047,4.1131,0.010954
810,201,3.2051,4.1285,0.010632
811,201,3.2053,4.1335,0.010538
812,201,3.2052,4.1349,0.010563
813,201,3.2047,4.1266,0.010933
814,201,3.2052,4.136,0.010614
815,201,3.2049,4.1198,0.01085
816,201,3.2058,4.1459,0.010138
817,201,3.2058,4.1297,0.010097
818,201,3.2057,4.1384,0.010178
819,201,3.2057,4.1404,0.010189
820,201,3.2057,4.134,0.010176
821,201,3.2059,4.1155,0.010059
822,201,3.2053,4.1485,0.010484
823,201,3.2056,4.1425,0.010244
824,201,3.2054,4.1394,0.010389
825,201,3.2054,4.1361,0.010403
826,201,3.2049,4.1403,0.010777
827,201,3.205,4.1357,0.010676
828,202,3.2059,4.1547,0.01021
829,202,3.2056,4.1547,0.010418
830,202,3.2058,4.1557,0.01027
831,202,3.2059,4.1085,0.010252
832,202,3.2059,4.1242,0.010164
833,202,3.2058,4.1464,0.010226
834,202,3.2058,4.1461,0.010217
835,202,3.2059,4.12,0.010195
836,202,3.206,4.1333,0.010138
837,202,3.2055,4.1386,0.010456
838,202,3.2057,4.1438,0.010299
839,202,3.206,4.1401,0.010115
840,202,3.2059,4.1108,0.010168
841,202,3.2058,4.1463,0.010242
842,202,3.2061,4.1461,0.010064
843,202,3.2057,4.1515,0.010289
844,202,3.2057,4.1374,0.010358
845,202,3.2055,4.1476,0.010514
846,202,3.2059,4.1293,0.010221
847,202,3.2057,4.1484,0.010352
848,202,3.206,4.1309,0.010094
849,202,3.2058,4.1491,0.010257
850,202,3.2058,4.1184,0.010264
851,202,3.2058,4.1218,0.010292
852,202,3.2056,4.1492,0.010447
853,202,3.2056,4.1196,0.010443
854,202,3.2062,4.142,0.009908
855,202,3.2061,4.1125,0.01002
856,202,3.206,4.1357,0.01009
857,202,3.2058,4.1147,0.010256
858,202,3.2062,4.1275,0.00995
859,202,3.2058,4.1209,0.010271
860,202,3.2053,4.1473,0.010588
861,202,3.2061,4.1207,0.010014
862,202,3.206,4.1281,0.010081
863,202,3.206,4.1309,0.010115
864,202,3.2058,4.146,0.01022
865,202,3.2059,4.1326,0.010187
866,202,3.206,4.1293,0.010114
867,202,3.2059,4.1251,0.010192
868,202,3.2058,4.1334,0.010245
869,202,3.2029,4.1226,0.012461
870,202,3.2028,4.1166,0.012608
871,202,3.2028,4.1228,0.012585
872,202,3.2027,4.1112,0.012654
873,202,3.2025,4.1272,0.012787
874,202,3.2029,4.1283,0.012477
875,202,3.2034,4.0967,0.012066
876,202,3.2028,4.123,0.012551
877,202,3.2032,4.1317,0.012258
878,202,3.2036,4.1357,0.01195
879,202,3.2039,4.1213,0.011684
880,202,3.2032,4.1106,0.012244
881,202,3.2037,4.1429,0.011802
882,202,3.203,4.1305,0.012421
883,202,3.2031,4.1381,0.012335
884,202,3.2038,4.1329,0.011759
885,202,3.2038,4.1271,0.011778
886,202,3.2036,4.1221,0.011873
887,202,3.2041,4.1313,0.011523
888,202,3.2036,4.131,0.011888
889,202,3.2039,4.1352,0.0117
890,202,3.2038,4.1359,0.011794
891,202,3.2038,4.1194,0.011725
892,202,3.2036,4.119,0.011979
893,202,3.2033,4.1237,0.012172
894,202,3.2045,4.1292,0.011338
895,202,3.2038,4.1266,0.011811
896,202,3.2035,4.1101,0.011989
897,202,3.2037,4.1069,0.011825
898,202,3.2039,4.1116,0.011755
899,202,3.2033,4.1218,0.012206
900,202,3.2025,4.1221,0.012863
901,202,3.2031,4.1346,0.012378
902,202,3.2039,4.1279,0.011671
903,202,3.2031,4.1142,0.012394
904,202,3.203,4.1159,0.012436
905,202,3.2048,4.1407,0.011037
906,202,3.2033,4.1045,0.012218
907,202,3.2032,4.1033,0.012295
908,202,3.2035,4.1249,0.011975
909,202,3.2038,4.1333,0.011789
910,202,3.2024,4.1299,0.012892
911,202,3.2032,4.1258,0.012283
912,202,3.2035,4.1042,0.012001
913,202,3.2036,4.1109,0.011915
914,202,3.2032,4.1152,0.012281
915,202,3.203,4.1243,0.01241
916,202,3.2023,4.1217,0.012929
917,202,3.2024,4.127,0.012884
918,202,3.2025,4.1072,0.012856
919,202,3.2023,4.1283,0.012924
920,202,3.202,4.1173,0.013198
921,202,3.2025,4.1152,0.012816
922,202,3.2023,4.1128,0.012999
923,202,3.203,4.128,0.012495
924,202,3.2038,4.1105,0.011812
925,202,3.2033,4.1246,0.012255
926,202,3.2033,4.1274,0.012236
927,202,3.2034,4.1173,0.012194
928,202,3.2028,4.1264,0.012635
929,202,3.2031,4.1378,0.012444
930,202,3.2037,4.1155,0.011983
931,202,3.2034,4.0989,0.012121
932,202,3.2031,4.1109,0.012337
933,202,3.2037,4.1051,0.011873
934,202,3.2037,4.1123,0.011877
935,202,3.2034,4.134,0.012042
936,202,3.2037,4.1169,0.011874
937,202,3.2038,4.1264,0.011781
938,202,3.2036,4.1144,0.011936
939,203,3.2039,4.1534,0.011746
940,203,3.204,4.1565,0.01164
941,203,3.2033,4.1558,0.012215
942,203,3.2038,4.1549,0.011805
943,203,3.2037,4.1542,0.011922
944,203,3.2041,4.1556,0.011603
945,203,3.204,4.1549,0.011668
946,203,3.2036,4.1558,0.011918
947,203,3.2033,4.1545,0.01224
948,203,3.2031,4.1535,0.012348
949,203,3.2036,4.1561,0.011968
950,203,3.2073,3.9026,0.009124
951,203,3.2065,4.0291,0.009722
952,203,3.2071,3.9474,0.009219
953,203,3.2069,3.9767,0.009436
954,203,3.2066,4.0062,0.009633
955,203,3.2064,4.0195,0.009771
956,203,3.2072,3.9105,0.009209
957,203,3.2048,4.1376,0.011073
958,203,3.2062,4.0555,0.009925
959,203,3.2061,4.0593,0.009988
960,203,3.2029,4.1558,0.012478
961,203,3.2035,4.1334,0.012079
962,203,3.2037,4.1429,0.011927
963,203,3.2039,4.1409,0.011769
964,203,3.2041,4.139,0.011593
965,203,3.2043,4.1218,0.011453
966,203,3.2033,4.1544,0.012227
967,203,3.2037,4.1529,0.011874
968,203,3.2032,4.1545,0.012257
969,203,3.2035,4.1555,0.0121
970,203,3.2038,4.1508,0.011785
971,203,3.2039,4.1549,0.011708
972,203,3.2039,4.1549,0.011688
973,203,3.2041,4.136,0.011533
974,203,3.2042,4.1304,0.011479
975,203,3.2039,4.1457,0.011682
976,203,3.2039,4.1363,0.011677
977,203,3.2039,4.153,0.011727
978,203,3.2053,4.0981,0.010623
979,203,3.2039,4.1416,0.011734
980,203,3.204,4.1423,0.011726
981,203,3.2033,4.1553,0.012177
982,203,3.2042,4.1183,0.011491
983,203,3.205,4.1243,0.010908
984,203,3.2046,4.1219,0.011161
985,203,3.204,4.1198,0.011652
986,203,3.2039,4.1547,0.011745
987,203,3.204,4.1413,0.011629
988,203,3.2039,4.1363,0.011676
989,204,3.2036,4.1358,0.011946
990,204,3.2037,4.1378,0.011872
991,204,3.2037,4.1355,0.011864
992,204,3.2035,4.1297,0.012039
993,204,3.2033,4.1306,0.01215
994,204,3.2034,4.1346,0.012098
995,204,3.2054,4.0824,0.010553
996,204,3.2033,4.1488,0.012193
997,204,3.2028,4.122,0.012588
998,204,3.2028,4.1345,0.012516
999,204,3.2028,4.1153,0.012537
1000,204,3.2032,4.1314,0.012212
1001,204,3.2028,4.1371,0.012553
1002,204,3.2065,4.02,0.009662
1003,204,3.2067,3.9265,0.009576
1004,204,3.2063,3.9873,0.009826
1005,204,3.2058,4.1282,0.010196
1006,204,3.2064,4.0916,0.009773
1007,204,3.2061,4.1067,0.009997
1008,204,3.2061,4.1064,0.009972
1009,204,3.2057,4.1268,0.010317
1010,204,3.2055,4.1202,0.010505
1011,204,3.2045,4.1318,0.011223
1012,204,3.2068,3.9354,0.00948
1013,204,3.2051,4.1552,0.010784
1014,204,3.2044,4.154,0.011301
1015,204,3.2048,4.1364,0.011009
1016,204,3.2051,4.1523,0.010757
1017,204,3.2049,4.1481,0.010925
1018,204,3.2047,4.1557,0.011056
1019,204,3.2045,4.1512,0.011253
1020,204,3.2051,4.1498,0.01077
1021,204,3.2048,4.1521,0.010991
1022,204,3.206,4.1257,0.010058
1023,204,3.2067,4.0036,0.009562
1024,204,3.2044,4.1535,0.011299
1025,204,3.2051,4.1544,0.010791
1026,204,3.2054,4.1519,0.010509
1027,204,3.2055,4.1561,0.01042
1028,204,3.2045,4.151,0.011268
1029,204,3.2049,4.1544,0.010923
1030,204,3.205,4.1537,0.010888
1031,204,3.2048,4.1506,0.010983
1032,204,3.2049,4.1443,0.010905
1033,204,3.2036,4.1506,0.011954
1034,204,3.2062,4.0404,0.009897
1035,204,3.2045,4.1528,0.011191
1036,204,3.2041,4.1549,0.011495
1037,204,3.2046,4.1535,0.011152
1038,204,3.2047,4.153,0.011085
1039,204,3.2048,4.1543,0.011028
1040,204,3.2046,4.1515,0.011119
1041,204,3.2046,4.1059,0.011158
1042,204,3.2058,3.9693,0.010251
1043,204,3.2062,3.9116,0.009935
1044,204,3.2061,3.9288,0.009996
1045,204,3.2066,3.999,0.009623
1046,204,3.2054,4.0327,0.010535
1047,204,3.2065,3.9203,0.009707
1048,204,3.2063,4.0429,0.009845
1049,204,3.2063,4.0724,0.009814
1050,204,3.2053,4.1192,0.010626
1051,204,3.206,4.1343,0.010078
1052,204,3.2051,4.1358,0.010793
1053,204,3.2053,4.1328,0.010633
1054,204,3.2048,4.1505,0.010926
1055,204,3.2049,4.1492,0.010877
1056,204,3.2066,3.9921,0.009601
1057,204,3.2054,4.1317,0.010491
1058,204,3.2054,4.1486,0.010515
1059,204,3.2054,4.1299,0.010551
1060,204,3.205,4.1496,0.010825
1061,204,3.2059,4.1367,0.010171
1062,204,3.2066,4.0086,0.009636
1063,204,3.2066,3.9969,0.00963
1064,204,3.207,3.9688,0.009312
1065,204,3.2066,4.0039,0.009647
1066,204,3.2034,4.1518,0.012116
1067,204,3.2031,4.1425,0.01235
1068,204,3.2017,4.1347,0.013454
1069,204,3.2026,4.1463,0.012756
1070,204,3.2025,4.1464,0.012828
1071,204,3.2031,4.1382,0.012309
1072,204,3.2031,4.1381,0.012356
1073,204,3.2016,4.1284,0.013517
1074,204,3.202,4.1278,0.013247
1075,204,3.2035,4.144,0.012016
1076,204,3.2046,4.094,0.011147
1077,204,3.2026,4.1402,0.012745
1078,204,3.2038,4.1452,0.011784
1079,204,3.2026,4.1497,0.012766
1080,204,3.2021,4.1475,0.013159
1081,204,3.2038,4.1489,0.011749
1082,204,3.2041,4.1528,0.011554
1083,204,3.2038,4.1437,0.011741
1084,204,3.2032,4.148,0.012302
1085,204,3.2046,4.1547,0.011159
1086,204,3.204,4.1552,0.011606
1087,204,3.2033,4.1361,0.012129
1088,204,3.2042,4.1556,0.011484
1089,204,3.2046,4.1539,0.011113
1090,204,3.2039,4.1489,0.011697
1091,204,3.2038,4.1551,0.011725
1092,204,3.2036,4.1532,0.011963
1093,204,3.2034,4.1435,0.012086
1094,204,3.2041,4.1486,0.01153
1095,204,3.2039,4.1477,0.011655
1096,204,3.2032,4.1495,0.012153
1097,204,3.2025,4.1381,0.012766
1098,204,3.2047,4.1107,0.011073
1099,204,3.2017,4.1433,0.013359
1100,204,3.2027,4.125,0.012672
1101,204,3.2027,4.1518,0.012661
1102,204,3.2015,4.1426,0.013564
1103,204,3.2054,4.1125,0.010484
1104,204,3.2057,4.0978,0.010295
1105,204,3.206,4.0689,0.010057
1106,204,3.2056,4.0964,0.01032
1107,204,3.2057,4.0908,0.010278
1108,204,3.206,4.0924,0.010074
1109,204,3.204,4.1288,0.011618
1110,204,3.2062,4.0624,0.009936
1111,204,3.2065,4.0306,0.009664
1112,204,3.2049,4.1262,0.010898
1113,204,3.2052,4.1352,0.010663
1114,204,3.2047,4.1461,0.011009
1115,204,3.2048,4.1405,0.01097
1116,204,3.2049,4.1472,0.010877
1117,204,3.2048,4.1472,0.010989
1118,204,3.2047,4.1459,0.011072
1119,204,3.2041,4.1281,0.011559
1120,204,3.2034,4.1304,0.012097
1121,204,3.2043,4.095,0.011387
1122,204,3.2018,4.1467,0.013361
1123,204,3.2034,4.1538,0.012108
1124,204,3.2055,4.1432,0.010485
1125,204,3.2054,4.1398,0.010541
1126,204,3.2053,4.1444,0.010594
1127,204,3.2053,4.1451,0.010601
1128,204,3.2054,4.1421,0.010572
1129,204,3.2056,4.1332,0.010401
1130,204,3.2049,4.1464,0.010859
1131,204,3.2055,4.1196,0.01044
1132,204,3.2055,4.1107,0.010425
1133,204,3.2055,4.1202,0.010463
1134,204,3.2055,4.1115,0.010439
1135,204,3.2057,4.1463,0.010312
1136,204,3.2056,4.1136,0.01036
1137,204,3.2056,4.1142,0.010372
1138,204,3.2058,4.1371,0.010231
1139,204,3.2056,4.1124,0.010376
1140,204,3.2056,4.0682,0.010398
1141,204,3.2055,4.1004,0.010487
1142,204,3.2056,4.1357,0.010387
1143,204,3.2054,4.1033,0.010562
1144,204,3.2054,4.0761,0.010542
1145,204,3.2018,4.1256,0.013259
1146,204,3.2034,4.1441,0.012056
1147,204,3.2025,4.1493,0.012785
1148,204,3.2024,4.1499,0.012842
1149,204,3.202,4.1484,0.013159
1150,204,3.2021,4.1498,0.01307
1151,204,3.2024,4.1392,0.012894
1152,204,3.2018,4.1454,0.013307
1153,204,3.2022,4.1316,0.013047
1154,204,3.2019,4.1412,0.013278
1155,204,3.2014,4.1482,0.013553
1156,204,3.2019,4.149,0.01317
1157,204,3.2031,4.1464,0.012238
1158,204,3.202,4.1409,0.0131
1159,204,3.2047,4.1358,0.011096
1160,204,3.2019,4.1493,0.013181
1161,204,3.2018,4.1544,0.013286
1162,204,3.2027,4.1486,0.012577
1163,204,3.2016,4.1413,0.013475
1164,204,3.2017,4.1433,0.013432
1165,204,3.2017,4.1426,0.013411
1166,205,3.2066,4.0236,0.009642
1167,205,3.2053,4.1336,0.010702
1168,205,3.2057,4.1187,0.010336
1169,205,3.2069,3.9276,0.009417
1170,205,3.2066,3.9846,0.009647
1171,205,3.2065,3.9989,0.009709
1172,205,3.2072,3.8631,0.009159
1173,205,3.2066,3.9902,0.009627
1174,205,3.2068,3.9447,0.009475
1175,205,3.2066,4.0029,0.009669
1176,205,3.2067,3.9828,0.009529
1177,205,3.2065,4.0126,0.009742
1178,205,3.2069,3.931,0.009401
1179,205,3.2061,4.0484,0.010006
1180,205,3.2062,4.0356,0.009953
1181,205,3.2059,4.0827,0.010198
1182,205,3.2066,3.9858,0.009623
1183,205,3.2061,4.0492,0.009986
1184,205,3.2063,4.0395,0.009901
1185,205,3.2065,4.001,0.009711
1186,205,3.2056,4.1091,0.01041
1187,206,3.2034,4.1326,0.012176
1188,206,3.2035,4.1289,0.012046
1189,206,3.2016,4.1411,0.013445
1190,206,3.2013,4.1423,0.013669
1191,206,3.2014,4.1417,0.01357
1192,206,3.2013,4.1475,0.013682
1193,206,3.2014,4.1452,0.013586
1194,206,3.2034,4.1256,0.012161
1195,206,3.2034,4.1305,0.012122
1196,206,3.2033,4.1367,0.01227
1197,206,3.2035,4.1332,0.012067
1198,206,3.2032,4.14,0.01231
1199,206,3.2032,4.1406,0.012299
1200,206,3.2033,4.1392,0.012237
1201,206,3.2024,4.1533,0.012886
1202,206,3.2015,4.1566,0.013554
1203,206,3.2024,4.1412,0.012808
1204,206,3.2016,4.1528,0.013449
1205,206,3.2009,4.1565,0.014005
1206,206,3.201,4.1563,0.013926
1207,206,3.2032,4.1393,0.012304
1208,206,3.2033,4.1394,0.012214
1209,206,3.2032,4.1431,0.012269
1210,206,3.2039,4.1492,0.011686
1211,206,3.2043,4.1503,0.011421
1212,206,3.2045,4.1521,0.011278
1213,206,3.2043,4.151,0.011439
1214,206,3.2054,4.1331,0.010582
1215,206,3.205,4.1483,0.010888
1216,206,3.2034,4.1442,0.012114
1217,206,3.2028,4.1381,0.012589
1218,206,3.2031,4.1131,0.012341
1219,206,3.2041,4.1386,0.011534
1220,206,3.2052,4.1498,0.010656
1221,206,3.2051,4.1337,0.010779
1222,206,3.205,4.1473,0.010856
1223,206,3.2051,4.1436,0.010782
1224,206,3.205,4.1362,0.01086
1225,206,3.2055,4.128,0.010456
1226,206,3.2041,4.1527,0.011558
1227,206,3.2018,4.1419,0.013266
1228,206,3.2019,4.142,0.013192
1229,206,3.202,4.1412,0.013182
1230,206,3.203,4.134,0.01238
1231,206,3.204,4.0963,0.011685
1232,206,3.2038,4.1412,0.011854
1233,206,3.2045,4.1505,0.011349
1234,206,3.2044,4.1148,0.011394
1235,206,3.2047,4.1316,0.011196
1236,206,3.2043,4.1346,0.011458
1237,206,3.2036,4.1252,0.012031
1238,206,3.201,4.1498,0.013948
1239,206,3.2005,4.1506,0.014258
1240,206,3.2007,4.1466,0.014156
1241,206,3.2004,4.1475,0.01435
1242,206,3.2002,4.1491,0.014491
1243,206,3.2019,4.1381,0.013218
1244,206,3.2056,4.1467,0.010408
1245,206,3.2056,4.1451,0.010409
1246,206,3.2014,4.1424,0.013686
1247,206,3.2049,4.1329,0.010939
1248,206,3.2055,4.0985,0.010449
1249,206,3.2071,3.7338,0.009202
1250,206,3.2059,4.0941,0.010171
1251,206,3.2038,4.1174,0.011755
1252,206,3.2033,4.1191,0.012094
1253,206,3.2035,4.129,0.012018
1254,206,3.2036,4.1342,0.011876
1255,206,3.2037,4.1207,0.011838
1256,206,3.1998,4.1526,0.014922
1257,206,3.2057,4.1322,0.010356
1258,206,3.2044,4.0825,0.01129
1259,206,3.2031,4.1275,0.012349
1260,206,3.2043,4.0874,0.011429
1261,206,3.2013,4.1497,0.013745
1262,206,3.2001,4.1482,0.01466
1263,206,3.2023,4.1416,0.012955
1264,206,3.2006,4.1447,0.014219
1265,206,3.2008,4.1489,0.014086
1266,206,3.2017,4.1538,0.013342
1267,206,3.2016,4.1546,0.013465
1268,206,3.2009,4.151,0.013997
1269,206,3.2008,4.1514,0.013979
1270,206,3.2006,4.1561,0.014135
1271,206,3.2007,4.1499,0.014095
1272,206,3.2009,4.1471,0.013922
1273,206,3.2009,4.153,0.013926
1274,206,3.2031,4.1373,0.012311
1275,206,3.2029,4.1417,0.012483
1276,206,3.2031,4.1409,0.012376
1277,206,3.2033,4.1385,0.012206
1278,206,3.2048,4.1496,0.011027
1279,206,3.2047,4.1386,0.011133
1280,206,3.204,4.0958,0.011662
1281,206,3.2041,4.1229,0.011598
1282,206,3.2049,4.15,0.011012
1283,206,3.2035,4.1332,0.012079
1284,206,3.2047,4.1261,0.011075
1285,206,3.2046,4.088,0.011121
1286,206,3.2047,4.0894,0.011108
1287,206,3.2046,4.109,0.011138
1288,206,3.2047,4.0896,0.011118
1289,206,3.2022,4.1015,0.01299
1290,206,3.2046,4.1429,0.011212
1291,206,3.2046,4.1456,0.011215
1292,206,3.2012,4.1343,0.013761
1293,206,3.2015,4.1277,0.013516
1294,206,3.2017,4.1431,0.013401
1295,206,3.2015,4.1192,0.013558
1296,206,3.2042,4.1337,0.011465
1297,206,3.2021,4.1326,0.013074
1298,206,3.2039,4.1292,0.011684
1299,206,3.2029,4.0382,0.012474
1300,206,3.2048,4.1293,0.011007
1301,206,3.2033,4.1085,0.012154
1302,206,3.2015,4.1461,0.013556
1303,206,3.2036,4.1078,0.011974
1304,206,3.203,4.0457,0.012417
1305,206,3.2031,4.0412,0.012351
1306,206,3.2024,4.1508,0.012895
1307,206,3.2016,4.1239,0.013412
1308,206,3.202,4.1384,0.013209
1309,206,3.2013,4.1415,0.013759
1310,206,3.2017,4.1525,0.013453
1311,206,3.2012,4.1533,0.013798
1312,206,3.2011,4.143,0.013893
1313,206,3.2011,4.14,0.01387
1314,206,3.2045,4.1146,0.011259
1315,206,3.2014,4.1371,0.013633
1316,206,3.2013,4.153,0.013726
1317,206,3.2024,4.1324,0.012906
1318,206,3.2035,4.1223,0.012049
1319,206,3.202,4.1324,0.013137
1320,206,3.2019,4.1321,0.013254
1321,206,3.2021,4.1295,0.013051
1322,206,3.2023,4.1329,0.012952
1323,206,3.2022,4.1317,0.013002
1324,206,3.2027,4.0425,0.012615
1325,206,3.2023,4.1294,0.012971
1326,206,3.2052,4.1279,0.010705
1327,207,3.2062,4.012,0.009896
1328,207,3.2059,4.1007,0.010189
1329,207,3.2049,4.1175,0.011002
1330,207,3.2036,4.1466,0.012055
1331,207,3.206,4.1275,0.010156
1332,207,3.2042,4.1369,0.01158
1333,207,3.2039,4.1426,0.011806
1334,207,3.2036,4.1428,0.012033
1335,207,3.2039,4.134,0.011692
1336,207,3.2047,4.1301,0.011057
1337,207,3.2047,4.1422,0.011222
1338,207,3.2031,4.1429,0.012244
1339,207,3.2026,4.1354,0.012598
1340,207,3.205,4.1432,0.010984
1341,207,3.2053,4.1483,0.010731
1342,207,3.2056,4.0985,0.01043
1343,207,3.2039,4.1221,0.011648
1344,207,3.2037,4.1482,0.011913
1345,207,3.2038,4.1503,0.011794
1346,207,3.2037,4.1487,0.011844
1347,207,3.2037,4.1338,0.011781
1348,207,3.2033,4.1506,0.01225
1349,207,3.2036,4.1509,0.012031
1350,207,3.2036,4.1525,0.012051
1351,207,3.2033,4.1529,0.012246
1352,207,3.2032,4.1533,0.012346
1353,207,3.2033,4.1518,0.012236
1354,207,3.2041,4.1477,0.011592
1355,207,3.2032,4.1529,0.012334
1356,207,3.2028,4.1534,0.012594
1357,207,3.2034,4.1508,0.012215
1358,207,3.2034,4.1522,0.012214
1359,207,3.2035,4.1483,0.012136
1360,207,3.2036,4.1468,0.012019
1361,207,3.2031,4.1525,0.012381
1362,207,3.204,4.1352,0.011696
1363,207,3.205,4.1519,0.010864
1364,207,3.2047,4.1512,0.011091
1365,207,3.2038,4.1403,0.011787
1366,207,3.2042,4.1535,0.011419
1367,207,3.2051,4.1215,0.010694
1368,207,3.205,4.1385,0.010792
1369,207,3.2049,4.1335,0.010942
1370,207,3.2032,4.1528,0.012276
1371,207,3.2049,4.143,0.01085
1372,207,3.2054,4.1537,0.010489
1373,207,3.2047,4.1532,0.011039
1374,207,3.2048,4.1526,0.010955
1375,207,3.2042,4.1535,0.011382
1376,207,3.2047,4.152,0.011074
1377,207,3.2048,4.1536,0.010961
1378,207,3.2046,4.1357,0.011219
1379,207,3.2044,4.1221,0.011249
1380,207,3.2037,4.1357,0.01177
1381,207,3.2013,4.1342,0.013581
1382,207,3.204,4.1329,0.011569
1383,207,3.205,4.1364,0.010927
1384,207,3.2043,4.0989,0.011481
1385,207,3.2049,4.1166,0.010966
1386,207,3.2043,4.0977,0.011458
1387,207,3.2037,4.1448,0.011823
1388,207,3.2028,4.1308,0.012464
1389,207,3.2051,4.1418,0.010786
1390,207,3.2046,4.1247,0.011161
1391,207,3.2037,4.148,0.011816
1392,207,3.2041,4.1505,0.011459
1393,207,3.2041,4.1375,0.011517
1394,207,3.2057,4.0757,0.010298
1395,207,3.2044,4.1514,0.011249
1396,207,3.2039,4.1431,0.011663
1397,207,3.2036,4.1438,0.011829
1398,207,3.2047,4.1414,0.011031
1399,207,3.2059,4.0652,0.010165
1400,207,3.2059,4.0742,0.010165
1401,207,3.2058,4.0663,0.010224
1402,207,3.2054,4.0979,0.010571
1403,207,3.2058,4.0621,0.010296
1404,207,3.2058,4.0617,0.010223
1405,207,3.2055,4.0956,0.010505
1406,207,3.2053,4.0931,0.010617
1407,207,3.2045,4.1339,0.011287
1408,207,3.2029,4.1484,0.012372
1409,207,3.206,4.0693,0.010117
1410,207,3.2062,4.0045,0.009985
1411,207,3.2063,4.0205,0.009886
1412,207,3.2066,3.9741,0.009651
1413,207,3.2015,4.1434,0.013449
1414,207,3.2034,4.1328,0.012038
1415,207,3.206,4.0566,0.010132
1416,209,3.2016,4.1519,0.013354
1417,209,3.202,4.1491,0.013094
1418,209,3.2018,4.1502,0.013206
1419,209,3.2019,4.1492,0.013159
1420,209,3.2018,4.1479,0.013205
1421,209,3.2018,4.1456,0.013229
1422,209,3.2025,4.1441,0.012719
1423,209,3.2038,4.1373,0.011746
1424,209,3.204,4.1329,0.011589
1425,209,3.2047,4.1132,0.011087
1426,209,3.2042,4.1284,0.011487
1427,209,3.2041,4.1267,0.011536
1428,209,3.2051,4.0905,0.010805
1429,209,3.2024,4.1419,0.012814
1430,209,3.2025,4.1418,0.012723
1431,209,3.2025,4.1331,0.012718
1432,209,3.2011,4.1372,0.013793
1433,209,3.2022,4.1305,0.012918
1434,209,3.2022,4.1249,0.012985
1435,209,3.2019,4.1032,0.013145
1436,209,3.2025,4.1282,0.012739
1437,209,3.2023,4.132,0.012895
1438,209,3.2031,4.1437,0.012302
1439,209,3.2024,4.1435,0.012783
1440,209,3.2023,4.1449,0.012845
1441,209,3.2046,4.121,0.011171
1442,209,3.2045,4.1301,0.011214
1443,209,3.2049,4.1371,0.010942
1444,209,3.2045,4.1381,0.011234
1445,209,3.2048,4.1312,0.011017
1446,209,3.2054,4.106,0.010547
1447,209,3.2053,4.1045,0.010616
1448,209,3.2053,4.1173,0.01056
1449,209,3.2052,4.0901,0.010667
1450,209,3.2052,4.1202,0.010636
1451,209,3.2054,4.11,0.010529
1452,209,3.2042,4.0429,0.011445
1453,209,3.204,4.1123,0.011603
1454,209,3.2043,4.0759,0.011343
1455,209,3.2042,4.0085,0.011458
1456,209,3.2039,4.0004,0.01165
1457,209,3.204,4.0804,0.011614
1458,209,3.2028,4.1524,0.012468
1459,209,3.2009,4.1548,0.013828
1460,209,3.201,4.1496,0.01373
1461,209,3.2015,4.1515,0.013354
1462,209,3.2015,4.1471,0.01339
1463,209,3.2015,4.1506,0.013399
1464,209,3.2072,3.9048,0.009146
1465,209,3.2023,4.1434,0.012817
1466,209,3.2028,4.1451,0.012441
1467,209,3.2022,4.1364,0.012943
1468,209,3.2028,4.1463,0.012446
1469,210,3.202,4.1482,0.013171
1470,210,3.2019,4.1512,0.013232
1471,210,3.2019,4.1513,0.013193
1472,210,3.2022,4.15,0.013005
1473,210,3.202,4.1466,0.013116
1474,210,3.202,4.1492,0.013144
1475,210,3.2034,4.1257,0.012186
1476,210,3.2035,4.1046,0.012045
1477,210,3.2033,4.1209,0.012251
1478,210,3.2031,4.1318,0.012383
1479,210,3.2028,4.138,0.012648
1480,210,3.202,4.1245,0.013112
1481,210,3.2019,4.125,0.013184
1482,210,3.2019,4.1195,0.013187
1483,210,3.2025,4.1349,0.012783
1484,210,3.2019,4.1338,0.013228
1485,210,3.203,4.1486,0.012359
1486,210,3.203,4.1172,0.012405
1487,210,3.203,4.1503,0.012356
1488,210,3.2031,4.1492,0.012331
1489,210,3.203,4.1471,0.012385
1490,210,3.2026,4.0812,0.012667
1491,210,3.2027,4.0916,0.012609
1492,210,3.2026,4.0872,0.0127
1493,210,3.2026,4.1075,0.012701
1494,210,3.2025,4.1079,0.012721
1495,210,3.2027,4.1348,0.012613
1496,210,3.2037,4.1456,0.011977
1497,210,3.2037,4.1432,0.011962
1498,210,3.2036,4.1428,0.012013
1499,210,3.2036,4.1402,0.012022
1500,210,3.2035,4.1462,0.012079
1501,210,3.2025,4.1538,0.012702
1502,210,3.2017,4.1507,0.013282
1503,211,3.2052,4.1474,0.01085
1504,211,3.2049,4.1453,0.011076
1505,211,3.2046,4.1458,0.011276
1506,211,3.2045,4.1456,0.011359
1507,211,3.2046,4.147,0.011299
1508,211,3.2047,4.1347,0.011174
1509,211,3.2047,4.1338,0.011182
1510,211,3.2048,4.134,0.011084
1511,211,3.2048,4.1329,0.011092
1512,211,3.2046,4.1286,0.011229
1513,211,3.2043,4.146,0.011529
1514,211,3.2041,4.1465,0.011653
1515,211,3.204,4.1473,0.011731
1516,211,3.2043,4.1439,0.011506
1517,211,3.2042,4.1443,0.011593
1518,211,3.2057,4.1306,0.010289
1519,211,3.2056,4.1303,0.01039
1520,211,3.2057,4.1272,0.010345
1521,211,3.2055,4.1319,0.010449
1522,211,3.2056,4.1397,0.010406
1523,211,3.2041,4.1497,0.011644
1524,211,3.204,4.1489,0.011704
1525,211,3.2041,4.1482,0.011679
1526,211,3.2042,4.1449,0.011616
1527,211,3.2044,4.1477,0.011465
1528,211,3.2061,4.0988,0.010072
1529,211,3.2059,4.1129,0.010188
1530,211,3.206,4.1126,0.010125
1531,211,3.206,4.1154,0.010117
1532,211,3.2059,4.1068,0.010175
1533,211,3.2058,4.1335,0.010333
1534,211,3.2058,4.0931,0.010309
1535,211,3.2058,4.1387,0.010275
1536,211,3.2059,4.1202,0.010259
1537,211,3.2039,4.1404,0.01179
1538,211,3.2057,4.1283,0.010387
1539,211,3.2035,4.138,0.012106
1540,211,3.2037,4.1311,0.011931
1541,211,3.2036,4.1211,0.012033
1542,211,3.2053,4.1461,0.010699
1543,211,3.2061,4.0846,0.01002
1544,211,3.2059,4.0944,0.01021
1545,211,3.2035,4.1456,0.012107
1546,211,3.204,4.1541,0.011761
1547,211,3.2038,4.1405,0.011871
1548,211,3.2036,4.1176,0.012087
1549,211,3.2044,4.1263,0.011442
1550,211,3.2047,4.1297,0.011159
1551,211,3.2048,4.1427,0.011131
1552,211,3.2049,4.1389,0.011041
1553,211,3.205,4.1358,0.010921
1554,212,3.2046,4.1254,0.011124
1555,212,3.2046,4.1266,0.011163
1556,212,3.2039,4.1318,0.011688
1557,212,3.2049,4.0986,0.010878
1558,212,3.2047,4.0878,0.011065
1559,212,3.204,4.137,0.011565
1560,212,3.204,4.1127,0.011606
1561,212,3.2031,4.1286,0.012249
1562,212,3.2049,4.0639,0.010886
1563,212,3.2032,4.1359,0.012205
1564,212,3.2053,4.0385,0.01056
1565,212,3.2039,4.1206,0.011675
1566,212,3.203,4.1364,0.01235
1567,212,3.2033,4.1059,0.012086
1568,212,3.2038,4.1274,0.011767
1569,212,3.2034,4.136,0.012056
1570,212,3.2028,4.1357,0.012497
1571,212,3.2039,4.1244,0.011637
1572,212,3.2047,4.1002,0.01106
1573,212,3.2032,4.1233,0.012157
1574,212,3.204,4.1314,0.011572
1575,212,3.2032,4.1391,0.012126
1576,212,3.2039,4.1271,0.01165
1577,212,3.2038,4.1296,0.011687
1578,212,3.2028,4.1177,0.012518
1579,212,3.2032,4.0712,0.012203
1580,212,3.2041,4.1142,0.011524
1581,212,3.2043,4.1102,0.011371
1582,212,3.2034,4.0845,0.012048
1583,212,3.2034,4.0902,0.012074
1584,212,3.203,4.1205,0.012324
1585,212,3.2033,4.1186,0.01211
1586,212,3.2031,4.1359,0.012233
1587,212,3.2034,4.1232,0.012071
1588,212,3.2034,4.1163,0.012021
1589,212,3.2032,4.1159,0.012203
1590,212,3.204,4.1119,0.011575
1591,212,3.2036,4.1208,0.011924
1592,212,3.2052,4.0566,0.010701
1593,212,3.2052,4.071,0.010704
1594,212,3.2035,4.1153,0.011936
1595,212,3.2004,4.1505,0.014328
1596,212,3.2002,4.1527,0.014486
1597,212,3.2002,4.1526,0.014487
1598,212,3.2005,4.1483,0.01429
1599,212,3.1998,4.1475,0.014751
1600,212,3.2015,4.1448,0.01352
1601,212,3.201,4.1434,0.013902
1602,212,3.201,4.1455,0.013862
1603,212,3.2009,4.1437,0.013968
1604,212,3.2012,4.1495,0.013669
1605,212,3.2005,4.1499,0.014219
1606,213,3.2036,4.077,0.012016
1607,213,3.2034,4.1238,0.012206
1608,213,3.2032,4.1328,0.012326
1609,213,3.2033,4.1285,0.012253
1610,213,3.2033,4.129,0.012273
1611,213,3.2035,4.1328,0.012114
1612,213,3.2034,4.1127,0.012146
1613,213,3.2034,4.122,0.01214
1614,213,3.2033,4.137,0.0122
1615,213,3.2035,4.1322,0.012113
1616,213,3.2034,4.1331,0.01212
1617,213,3.2035,4.135,0.012076
1618,213,3.2048,4.1365,0.011034
1619,213,3.2047,4.1379,0.011117
1620,213,3.2048,4.1371,0.011031
1621,213,3.2048,4.1324,0.011012
1622,213,3.2048,4.1365,0.011068
1623,213,3.2048,4.1351,0.011004
1624,213,3.2045,4.144,0.011212
1625,213,3.2046,4.1455,0.011163
1626,213,3.2047,4.1453,0.01109
1627,213,3.2048,4.1511,0.011011
1628,213,3.2048,4.1505,0.011036
1629,213,3.2048,4.1511,0.011024
1630,213,3.2045,4.1498,0.011263
1631,213,3.2052,4.0884,0.010745
1632,213,3.2051,4.1413,0.010818
1633,213,3.2051,4.1244,0.010826
1634,213,3.2049,4.1344,0.01093
1635,213,3.205,4.1312,0.010892
1636,213,3.2055,4.1184,0.010456
1637,213,3.2047,4.141,0.011092
1638,213,3.2046,4.1406,0.011155
1639,213,3.2045,4.1396,0.011244
1640,213,3.2048,4.1413,0.011059
1641,213,3.2047,4.1405,0.011115
1642,213,3.2044,4.0791,0.011313
1643,213,3.2055,4.1251,0.010589
1644,213,3.2056,4.0968,0.010462
1645,213,3.2054,4.1039,0.010616
1646,213,3.2058,4.1112,0.010341
1647,213,3.2058,4.1063,0.010315
1648,213,3.206,4.1016,0.010216
1649,213,3.2031,4.1465,0.012377
1650,213,3.2032,4.1445,0.012315
1651,213,3.2034,4.1414,0.012129
1652,213,3.2035,4.1431,0.012082
1653,213,3.2034,4.1389,0.012112
1654,213,3.2033,4.1265,0.012222
1655,213,3.2034,4.137,0.012173
1656,213,3.2033,4.1406,0.012282
1657,213,3.2031,4.133,0.012378
1658,213,3.203,4.1428,0.012453
1659,213,3.203,4.1448,0.012413
1660,214,3.2031,4.1392,0.012442
1661,214,3.206,4.0693,0.010122
1662,214,3.2042,4.1349,0.011611
1663,214,3.2052,4.1424,0.010788
1664,214,3.2044,4.1405,0.011428
1665,214,3.2046,4.1448,0.01125
1666,214,3.2051,4.1403,0.01085
1667,214,3.2038,4.1355,0.011859
1668,214,3.2035,4.1322,0.012089
1669,214,3.204,4.1329,0.01173
1670,214,3.2028,4.133,0.01265
1671,214,3.2031,4.1318,0.012465
1672,214,3.2044,4.1419,0.011421
1673,214,3.2052,4.1434,0.010746
1674,214,3.2047,4.1531,0.011076
1675,214,3.2051,4.1304,0.010842
1676,214,3.2053,4.1329,0.010658
1677,214,3.205,4.1507,0.010848
1678,214,3.2052,4.145,0.010692
1679,214,3.2052,4.1369,0.010707
1680,214,3.2051,4.1306,0.010791
1681,214,3.205,4.1456,0.010855
1682,214,3.2052,4.146,0.010668
1683,214,3.2053,4.1332,0.010641
1684,214,3.2057,4.1182,0.010365
1685,214,3.2057,4.1272,0.010342
1686,214,3.2057,4.1332,0.010319
1687,214,3.2055,4.1312,0.010486
1688,214,3.2056,4.142,0.010399
1689,214,3.2055,4.1286,0.01046
1690,214,3.2055,4.1017,0.010504
1691,214,3.2054,4.122,0.010567
1692,214,3.2055,4.1227,0.010522
1693,214,3.2057,4.1024,0.010321
1694,214,3.2055,4.1347,0.010543
1695,214,3.2058,4.1407,0.010262
1696,214,3.2058,4.1376,0.010291
1697,214,3.2054,4.1334,0.010562
1698,214,3.2045,4.1555,0.011263
1699,214,3.2015,4.1432,0.013582
1700,214,3.2018,4.137,0.013375
1701,214,3.2021,4.1454,0.0131
1702,214,3.202,4.1505,0.013187
1703,214,3.2022,4.144,0.013033
1704,214,3.2022,4.1479,0.012983
1705,214,3.2034,4.0881,0.012078
1706,214,3.2033,4.1033,0.012154
1707,214,3.2032,4.1484,0.012294
1708,214,3.2029,4.1425,0.012444
1709,214,3.2026,4.1067,0.012748
1710,214,3.2025,4.1224,0.012812
1711,214,3.2037,4.1191,0.011919
1712,215,3.2062,4.076,0.009975
1713,215,3.206,4.1133,0.0101
1714,215,3.2053,4.1422,0.010647
1715,215,3.2058,4.1239,0.010263
1716,215,3.2051,4.1446,0.010819
1717,215,3.2056,4.1384,0.010425
1718,215,3.2056,4.1413,0.010378
1719,215,3.2057,4.1307,0.01036
1720,215,3.206,4.127,0.01009
1721,215,3.2058,4.139,0.010268
1722,215,3.2056,4.1463,0.010449
1723,215,3.2062,4.1417,0.009954
1724,215,3.2061,4.147,0.010002
1725,215,3.2065,4.133,0.009744
1726,215,3.2065,4.1332,0.00974
1727,215,3.2056,4.1407,0.010393
1728,215,3.2062,4.0272,0.009934
1729,215,3.206,4.0263,0.010099
1730,215,3.2063,4.0288,0.009847
1731,215,3.2064,4.0061,0.009816
1732,215,3.2063,4.0062,0.009874
1733,215,3.2064,4.0106,0.00978
1734,215,3.2064,4.0067,0.009773
1735,215,3.2061,4.0196,0.009999
1736,215,3.2066,4.0009,0.009633
1737,215,3.2054,4.0101,0.010554
1738,215,3.2065,4.0054,0.009724
1739,215,3.2065,4.0234,0.009694
1740,215,3.2067,4.0183,0.009577
1741,215,3.2068,4.0099,0.00949
1742,215,3.2066,4.0205,0.009653
1743,215,3.2068,4.0199,0.009511
1744,215,3.2066,4.024,0.009668
1745,215,3.2066,4.0201,0.00964
1746,215,3.2066,4.0199,0.009666
1747,215,3.2062,4.0208,0.009923
1748,215,3.2066,4.0214,0.009648
1749,215,3.2055,4.0135,0.01047
1750,215,3.2061,4.0208,0.009999
1751,215,3.2063,4.0151,0.009828
1752,215,3.2063,4.0158,0.009847
1753,215,3.2063,4.017,0.009826
1754,215,3.2069,3.9822,0.00943
1755,215,3.2064,4.0183,0.009799
1756,215,3.2065,4.0164,0.009742
1757,215,3.2059,4.0261,0.010195
1758,215,3.2054,3.9964,0.010584
1759,215,3.2057,4.0064,0.010378
1760,215,3.2059,4.1195,0.010177
1761,215,3.2059,4.116,0.01023
1762,215,3.2061,4.1228,0.010004
1763,215,3.2056,4.1009,0.01043
1764,215,3.206,4.1175,0.010117
1765,215,3.2065,4.0945,0.009707
1766,215,3.2057,4.0947,0.010378
1767,215,3.203,4.0807,0.012401
1768,215,3.2037,4.1299,0.011824
1769,215,3.2038,4.1331,0.011806
1770,215,3.2048,4.1419,0.011045
1771,215,3.2047,4.1416,0.011058
1772,215,3.2047,4.1389,0.01107
1773,215,3.2049,4.1343,0.010909
1774,215,3.2046,4.1468,0.011153
1775,215,3.2053,4.1301,0.010646
1776,215,3.2039,4.134,0.011685
1777,215,3.2053,4.1341,0.010679
1778,215,3.2053,4.1395,0.010644
1779,215,3.203,4.1174,0.012418
1780,215,3.2037,4.1141,0.011864
1781,215,3.2056,4.1214,0.010418
1782,215,3.2061,4.0828,0.010044
1783,215,3.206,4.102,0.010134
1784,215,3.2063,4.0813,0.009904
1785,216,3.2031,4.137,0.012386
1786,216,3.2028,4.1386,0.012641
1787,216,3.2026,4.1386,0.012769
1788,216,3.2026,4.139,0.012759
1789,216,3.2027,4.139,0.012661
1790,216,3.2025,4.1414,0.012831
1791,216,3.2038,4.1233,0.011807
1792,216,3.2038,4.1213,0.01179
1793,216,3.204,4.1293,0.011664
1794,216,3.204,4.1221,0.011618
1795,216,3.2041,4.1177,0.011574
1796,216,3.2037,4.1314,0.011827
1797,216,3.2029,4.1459,0.012592
1798,216,3.2032,4.1437,0.012355
1799,216,3.2028,4.1405,0.012659
1800,216,3.203,4.1429,0.012521
1801,216,3.2032,4.1436,0.012358
1802,216,3.205,4.1248,0.01083
1803,216,3.205,4.1348,0.010866
1804,216,3.2051,4.1319,0.010727
1805,216,3.2051,4.1219,0.01074
1806,216,3.2053,4.1158,0.010586
1807,216,3.2053,4.1323,0.010598
1808,216,3.2025,4.1416,0.012782
1809,216,3.2025,4.0908,0.012822
1810,216,3.2023,4.1308,0.012955
1811,216,3.2022,4.1221,0.013102
1812,216,3.2025,4.1127,0.01284
1813,216,3.2027,4.0967,0.012734
1814,216,3.2028,4.0937,0.012641
1815,216,3.2054,4.1143,0.010525
1816,216,3.2056,4.12,0.010383
1817,216,3.2055,4.1109,0.010457
1818,216,3.2056,4.1001,0.010402
1819,216,3.2054,4.1075,0.010526
1820,216,3.2054,4.1146,0.010545
1821,216,3.2062,4.1462,0.009981
1822,216,3.2058,4.1417,0.010313
1823,216,3.2061,4.1465,0.010074
1824,216,3.206,4.1336,0.010176
1825,216,3.2059,4.1135,0.010245
1826,216,3.2058,4.1299,0.010283
1827,216,3.2032,4.1481,0.012299
1828,216,3.2029,4.1493,0.012529
1829,216,3.203,4.1494,0.012471
1830,216,3.2028,4.1483,0.012607
1831,216,3.2031,4.1434,0.012399
1832,216,3.2032,4.1399,0.012251
1833,216,3.2033,4.1307,0.012306
1834,216,3.2032,4.1359,0.01238
1835,216,3.2032,4.1384,0.012303
1836,216,3.2033,4.1319,0.012235
1837,216,3.2034,4.1373,0.012198
1838,216,3.2032,4.1426,0.012367
1839,217,3.2033,4.1321,0.0121
1840,217,3.207,3.8364,0.009328
1841,217,3.2026,4.1233,0.012731
1842,217,3.2038,4.135,0.011826
1843,217,3.2032,4.1301,0.012356
1844,217,3.2044,4.1425,0.011406
1845,217,3.2036,4.1372,0.012054
1846,217,3.2029,4.1334,0.01257
1847,217,3.2033,4.1379,0.012078
1848,217,3.2051,4.0586,0.010724
1849,217,3.2016,4.1297,0.013588
1850,217,3.2014,4.1315,0.013699
1851,217,3.2038,4.1183,0.011849
1852,217,3.2009,4.1373,0.014078
1853,217,3.2008,4.1372,0.014111
1854,217,3.201,4.1385,0.01399
1855,217,3.2058,3.9815,0.010267
1856,217,3.2053,4.1348,0.010654
1857,217,3.2052,4.1409,0.010778
1858,217,3.2052,4.1414,0.010719
1859,217,3.2052,4.1417,0.010718
1860,217,3.2052,4.1422,0.010729
1861,217,3.2051,4.1419,0.010821
1862,217,3.2032,4.0819,0.012186
1863,217,3.2046,4.1351,0.011147
1864,217,3.2048,4.1389,0.011035
1865,217,3.2044,4.1372,0.01132
1866,217,3.2049,4.1365,0.01099
1867,217,3.2052,4.1409,0.010747
1868,217,3.2054,4.1331,0.01059
1869,217,3.2047,4.1256,0.01112
1870,217,3.2047,4.1106,0.011164
1871,217,3.2047,4.1074,0.011135
1872,217,3.2047,4.1166,0.011104
1873,217,3.2047,4.1227,0.011142
1874,217,3.2046,4.1153,0.011189
1875,217,3.2047,4.1126,0.011092
1876,217,3.2047,4.1232,0.011095
1877,217,3.2046,4.109,0.011171
1878,217,3.2047,4.1227,0.011096
1879,217,3.2045,4.1211,0.011218
1880,217,3.2046,4.1219,0.011178
1881,217,3.2053,4.1004,0.010691
1882,217,3.2052,4.1049,0.010761
1883,217,3.2052,4.1003,0.010775
1884,217,3.2051,4.1139,0.01083
1885,217,3.2052,4.1008,0.010777
1886,217,3.205,4.114,0.01088
1887,217,3.2013,4.1414,0.013673
1888,217,3.2024,4.1462,0.012891
1889,217,3.2018,4.1424,0.013329
1890,217,3.2018,4.1199,0.013349
1891,217,3.2014,4.1393,0.013609
1892,217,3.2015,4.1327,0.013572
1893,217,3.2013,4.139,0.013665
1894,217,3.2026,4.1439,0.012705
1895,217,3.2028,4.1384,0.012612
1896,217,3.2025,4.1367,0.012815
1897,217,3.2031,4.1488,0.012399
1898,217,3.2041,4.1435,0.011614
1899,217,3.2028,4.1434,0.012628
1900,301,3.2054,4.1251,0.010578
1901,301,3.2058,4.1056,0.010271
1902,301,3.2054,4.1291,0.010597
1903,301,3.2056,4.0371,0.010422
1904,301,3.2047,4.0916,0.011118
1905,301,3.2041,4.1227,0.011604
1906,301,3.2051,4.0643,0.010779
1907,301,3.2049,4.0739,0.01098
1908,301,3.2052,4.0636,0.010709
1909,301,3.2047,4.1448,0.011141
1910,301,3.2052,4.1351,0.010777
1911,301,3.2054,4.1254,0.010588
1912,301,3.2054,4.114,0.010576
1913,301,3.2054,4.1131,0.010571
1914,301,3.2052,4.123,0.010737
1915,301,3.2036,4.0969,0.01189
1916,301,3.2046,4.0505,0.011155
1917,301,3.2043,4.0645,0.011365
1918,301,3.2039,4.0882,0.011676
1919,301,3.2043,4.0645,0.01137
1920,301,3.2041,4.0018,0.011549
1921,301,3.2054,4.0319,0.01057
1922,301,3.2064,3.946,0.009778
1923,301,3.2056,4.012,0.010384
1924,301,3.2063,4.0241,0.009889
1925,301,3.2059,4.0365,0.01015
1926,301,3.2057,4.0434,0.0103
1927,301,3.2052,4.0369,0.010686
1928,301,3.2045,4.0002,0.011246
1929,301,3.2053,4.0375,0.01062
1930,301,3.2054,4.0407,0.010544
1931,301,3.2041,4.0523,0.011561
1932,301,3.2055,4.0393,0.010443
1933,301,3.2054,4.0422,0.010553
1934,301,3.2058,4.0417,0.010237
1935,301,3.206,4.0329,0.010073
1936,301,3.2059,4.044,0.010192
1937,301,3.2058,4.0535,0.010262
1938,301,3.2054,4.0383,0.010566
1939,301,3.2053,4.0181,0.010585
1940,301,3.2053,4.0326,0.010619
1941,301,3.205,4.0322,0.010796
1942,301,3.2048,4.0498,0.010972
1943,301,3.2042,4.054,0.011464
1944,301,3.2048,4.0491,0.010976
1945,301,3.2058,4.0503,0.010208
1946,301,3.2058,4.0459,0.010205
1947,301,3.206,4.0489,0.010054
1948,301,3.2056,4.0424,0.010455
1949,301,3.2055,4.0442,0.010493
1950,301,3.2056,4.0475,0.010427
1951,301,3.2045,3.995,0.011222
1952,301,3.2047,4.0146,0.011101
1953,301,3.2048,4.0254,0.010997
1954,301,3.2047,4.0045,0.011099
1955,301,3.2052,4.0449,0.01073
1956,301,3.2049,4.0281,0.010919
1957,301,3.2059,4.0304,0.010203
1958,301,3.2061,4.0587,0.010084
1959,301,3.2056,4.0428,0.010453
1960,301,3.2056,4.0456,0.010413
1961,301,3.2059,4.0423,0.010147
1962,301,3.2058,4.0421,0.010236
1963,301,3.2045,4.0384,0.011197
1964,301,3.2052,4.0443,0.010695
1965,301,3.2056,4.0436,0.010419
1966,301,3.2056,4.0384,0.010379
1967,301,3.2055,4.0442,0.010486
1968,301,3.2053,4.0465,0.010639
1969,301,3.2057,4.0472,0.010319
1970,301,3.2054,4.0202,0.010595
1971,301,3.2054,4.0238,0.010594
1972,301,3.2061,3.9947,0.010061
1973,301,3.2059,4.0199,0.01024
1974,301,3.2057,4.0161,0.01033
1975,301,3.2052,4.0026,0.010681
1976,301,3.2053,4.0047,0.010601
1977,301,3.206,3.9834,0.010121
1978,301,3.2056,4.0039,0.01044
1979,301,3.2057,4.006,0.010326
1980,301,3.2052,4.0231,0.010715
1981,301,3.205,4.0316,0.010893
1982,301,3.2062,3.9899,0.009966
1983,301,3.2062,4.0028,0.009983
1984,301,3.2044,3.9518,0.011291
1985,301,3.2042,3.9506,0.011428
1986,301,3.2041,3.9525,0.011531
1987,301,3.2037,3.9516,0.011845
1988,301,3.2036,3.9541,0.011886
1989,301,3.2024,3.9448,0.012832
1990,301,3.2032,3.9559,0.012185
1991,301,3.203,3.9563,0.012336
1992,301,3.2029,3.9586,0.012395
1993,301,3.2045,3.9507,0.011187
1994,301,3.2046,3.9544,0.011119
1995,301,3.2034,3.9382,0.012083
1996,301,3.2039,3.9268,0.011747
1997,301,3.203,3.9404,0.012416
1998,301,3.2039,3.9319,0.011696
1999,301,3.2036,3.9501,0.011939
2000,301,3.2054,3.9059,0.010562
2001,301,3.2046,3.9409,0.011149
2002,301,3.2034,3.9482,0.012072
2003,301,3.204,3.9494,0.01156
2004,301,3.2039,3.9482,0.011703
2005,301,3.2047,3.9466,0.011088
2006,301,3.2049,3.9426,0.010944
2007,301,3.205,3.9392,0.010882
2008,302,3.2042,3.9454,0.011563
2009,302,3.2042,3.9427,0.011569
2010,302,3.2048,3.952,0.011031
2011,302,3.2033,3.9607,0.012203
2012,302,3.2046,3.931,0.01116
2013,302,3.2038,3.9538,0.01182
2014,302,3.2041,3.9518,0.011542
2015,302,3.2012,3.9614,0.013786
2016,302,3.2032,4.1507,0.012255
2017,302,3.2056,4.1088,0.010468
2018,302,3.2051,4.1374,0.010805
2019,302,3.2048,4.1402,0.011082
2020,302,3.2061,4.0595,0.010051
2021,302,3.2047,4.1399,0.011119
2022,302,3.2055,4.1106,0.01049
2023,302,3.2053,4.1175,0.01061
2024,302,3.2058,4.0068,0.010301
2025,302,3.203,4.1476,0.012451
2026,302,3.2029,4.1452,0.012534
2027,302,3.2043,4.1213,0.011429
2028,302,3.2044,4.1127,0.011358
2029,302,3.2039,4.1371,0.011767
2030,302,3.2052,4.0609,0.010712
2031,302,3.2053,4.1236,0.010643
2032,302,3.2058,4.0878,0.010265
2033,302,3.2063,4.1221,0.009851
2034,302,3.2061,4.1297,0.010035
2035,302,3.2064,4.1041,0.009746
2036,302,3.2049,4.1393,0.010886
2037,302,3.2052,4.1136,0.010716
2038,302,3.2052,4.1121,0.010719
2039,302,3.2048,4.1398,0.011005
2040,302,3.2049,4.1427,0.010936
2041,302,3.2057,4.1325,0.010297
2042,302,3.2058,4.1226,0.010239
2043,302,3.2062,4.1259,0.009887
2044,302,3.2054,4.1142,0.0105
2045,302,3.2059,4.1356,0.010105
2046,302,3.206,4.1364,0.010054
2047,302,3.2056,4.1196,0.010384
2048,302,3.2057,4.1301,0.010266
2049,302,3.2057,4.1221,0.010275
2050,302,3.205,4.139,0.010839
2051,302,3.2049,4.1433,0.010905
2052,302,3.2059,4.1205,0.010102
2053,302,3.2057,4.1292,0.010295
2054,302,3.2065,4.1152,0.009654
2055,302,3.2058,4.1385,0.010197
2056,302,3.2057,4.1264,0.0103
2057,302,3.2056,4.0576,0.010374
2058,302,3.2062,4.1319,0.009908
2059,302,3.2064,4.132,0.009796
2060,302,3.2065,4.021,0.009673
2061,302,3.2048,4.1397,0.010996
2062,302,3.2052,4.1342,0.010641
2063,302,3.2051,4.0934,0.010769
2064,302,3.2052,4.0999,0.010664
2065,302,3.2052,4.1078,0.010662
2066,302,3.2056,4.1367,0.010343
2067,302,3.2062,4.1348,0.009954
2068,302,3.2059,4.1129,0.010171
2069,302,3.2058,4.1134,0.010252
2070,302,3.2055,4.1042,0.010419
2071,302,3.2057,4.1299,0.010264
2072,302,3.2057,4.1332,0.010266
2073,302,3.2056,4.1361,0.010348
2074,302,3.2056,4.136,0.010356
2075,302,3.2058,4.1322,0.010196
2076,302,3.206,4.1192,0.010048
2077,302,3.2056,4.1369,0.0104
2078,302,3.205,4.1453,0.01081
2079,302,3.2063,4.1316,0.009864
2080,302,3.2059,4.1342,0.010114
2081,302,3.2057,4.1312,0.010299
2082,302,3.2057,4.102,0.010296
2083,302,3.2051,4.0708,0.010776
2084,302,3.2055,4.114,0.010496
2085,302,3.2052,4.1158,0.010696
2086,302,3.2052,4.1152,0.010752
2087,302,3.2052,4.0678,0.010725
2088,302,3.2052,4.1026,0.010738
2089,302,3.2048,4.104,0.011019
2090,302,3.205,4.1093,0.010901
2091,302,3.2056,4.1036,0.010399
2092,302,3.2057,4.0904,0.010338
2093,302,3.2053,4.1058,0.010605
2094,302,3.2028,4.1446,0.01255
2095,302,3.2033,4.1288,0.012134
2096,302,3.2028,4.1442,0.01248
2097,302,3.2022,4.1511,0.013008
2098,302,3.2014,4.1538,0.013635
2099,302,3.2046,4.1341,0.011175
2100,302,3.2043,4.1331,0.011343
2101,302,3.2036,4.1462,0.01191
2102,302,3.2037,4.148,0.011835
2103,302,3.2048,4.132,0.01101
2104,302,3.2029,4.089,0.012421
2105,302,3.2031,4.1074,0.012269
2106,302,3.2033,4.1366,0.012175
2107,302,3.2048,4.1365,0.011006
2108,302,3.2054,4.1378,0.010589
2109,302,3.2043,4.1407,0.011369
2110,302,3.2038,4.132,0.011805
2111,302,3.2038,4.1305,0.0118
2112,302,3.2039,4.136,0.011694
2113,302,3.2035,4.1416,0.01204
2114,302,3.2046,4.1432,0.011127
2115,302,3.2049,4.1417,0.010943
2116,302,3.2043,4.1279,0.011419
2117,302,3.2056,4.1323,0.010445
2118,303,3.2042,4.1245,0.011536
2119,303,3.2046,4.1401,0.011193
2120,303,3.2033,4.0545,0.012193
2121,303,3.2038,4.1401,0.0118
2122,303,3.2024,4.139,0.012862
2123,303,3.2028,4.1127,0.012543
2124,303,3.2021,4.1262,0.013065
2125,303,3.201,4.1422,0.013914
2126,303,3.2011,4.1463,0.013877
2127,303,3.2046,4.141,0.011186
2128,303,3.203,4.1355,0.012479
2129,303,3.2033,4.0383,0.012238
2130,303,3.2042,4.1433,0.011471
2131,303,3.2048,4.1391,0.011033
2132,303,3.2034,4.0902,0.012142
2133,303,3.2008,4.145,0.014079
2134,303,3.2008,4.1486,0.014099
2135,303,3.203,4.1372,0.012425
2136,303,3.2008,4.1422,0.01405
2137,303,3.2007,4.1413,0.01415
2138,303,3.2006,4.1431,0.014207
2139,303,3.2035,4.1083,0.01205
2140,303,3.2044,4.1433,0.011319
2141,303,3.2046,4.1423,0.011151
2142,303,3.2051,4.1356,0.010762
2143,303,3.2053,4.1201,0.010594
2144,303,3.2051,4.1292,0.010746
2145,303,3.2052,4.1478,0.010701
2146,303,3.2052,4.146,0.010697
2147,303,3.2052,4.1444,0.010697
2148,303,3.2052,4.139,0.010708
2149,303,3.2054,4.1312,0.010559
2150,303,3.2051,4.1429,0.010721
2151,303,3.2061,4.1175,0.009986
2152,303,3.2055,4.1121,0.010451
2153,303,3.2058,4.1237,0.010254
2154,303,3.2052,4.1368,0.010639
2155,303,3.2052,4.1392,0.010671
2156,303,3.2053,4.1019,0.01057
2157,303,3.2049,4.1405,0.010862
2158,303,3.2048,4.1421,0.010963
2159,303,3.2047,4.1423,0.010995
2160,303,3.205,4.1324,0.010772
2161,303,3.2048,4.1386,0.010935
2162,303,3.2048,4.1459,0.010964
2163,303,3.2056,4.1305,0.01038
2164,303,3.2057,4.136,0.010267
2165,303,3.2052,4.1352,0.010683
2166,303,3.2052,4.1416,0.010734
2167,303,3.2052,4.1401,0.010691
2168,303,3.2054,4.0584,0.010527
2169,303,3.2051,4.149,0.010704
2170,303,3.2053,4.1434,0.01062
2171,303,3.205,4.1353,0.010793
2172,303,3.205,4.1377,0.010833
2173,303,3.2048,4.1468,0.010997
2174,303,3.2049,4.1462,0.010903
2175,303,3.2053,4.1305,0.010609
2176,303,3.2052,4.1336,0.010706
2177,303,3.2052,4.1349,0.010683
2178,303,3.2052,4.1343,0.010696
2179,303,3.2055,4.1191,0.010431
2180,303,3.2064,4.1107,0.009775
2181,303,3.2048,4.1384,0.010965
2182,303,3.2049,4.1237,0.010877
2183,303,3.2048,4.11,0.010959
2184,303,3.2047,4.1,0.011027
2185,303,3.2045,4.1202,0.011199
2186,303,3.2046,4.1303,0.01117
2187,303,3.2053,4.1306,0.010587
2188,303,3.2053,4.131,0.010608
2189,303,3.2052,4.1283,0.010646
2190,303,3.205,4.1191,0.010862
2191,303,3.2052,4.1174,0.010714
2192,303,3.2058,4.0977,0.010226
2193,303,3.2057,4.0967,0.01033
2194,303,3.2055,4.1255,0.010494
2195,303,3.2056,4.1058,0.010372
2196,303,3.2055,4.1189,0.010436
2197,303,3.2054,4.1204,0.01052
2198,303,3.2048,4.1177,0.011014
2199,303,3.2052,4.1033,0.010715
2200,303,3.2053,4.1031,0.010631
2201,303,3.2035,4.1254,0.011991
2202,303,3.2027,4.1381,0.012623
2203,303,3.2032,4.1171,0.012204
2204,303,3.2013,4.1307,0.013657
2205,303,3.2033,4.1447,0.012175
2206,303,3.2019,4.1146,0.013187
2207,303,3.2014,4.1494,0.0136
2208,303,3.2028,4.1388,0.012519
2209,303,3.2017,4.1481,0.013394
2210,303,3.2053,4.1143,0.010593
2211,303,3.2049,4.1354,0.010912
2212,303,3.2034,4.134,0.012057
2213,303,3.2049,4.145,0.010945
2214,303,3.2037,4.1104,0.011853
2215,303,3.2045,4.1429,0.011281
2216,303,3.2034,4.1416,0.01212
2217,303,3.2037,4.1398,0.011844
2218,303,3.2023,4.1298,0.012925
2219,303,3.2026,4.1385,0.012707
2220,303,3.203,4.1097,0.012368
2221,303,3.2025,4.1414,0.012759
2222,303,3.2059,4.0958,0.010209
2223,303,3.2051,4.1393,0.010763
2224,303,3.2051,4.1433,0.010797
2225,304,3.2046,4.0874,0.011164
2226,304,3.2059,4.0379,0.010171
2227,304,3.2048,4.0993,0.010949
2228,304,3.2053,4.0747,0.01059
2229,304,3.2049,4.094,0.010918
2230,304,3.2049,4.0833,0.010879
2231,304,3.2053,4.0748,0.010569
2232,304,3.2054,4.0596,0.010538
2233,304,3.2051,4.0976,0.010705
2234,304,3.2046,4.1019,0.011109
2235,304,3.2044,4.1169,0.011281
2236,304,3.2052,4.0901,0.010694
2237,304,3.2052,4.1406,0.010634
2238,304,3.2052,4.1446,0.010682
2239,304,3.2052,4.1426,0.010637
2240,304,3.2054,4.1313,0.010515
2241,304,3.2051,4.1481,0.010697
2242,304,3.206,4.1301,0.010013
2243,304,3.2065,4.0814,0.009641
2244,304,3.2061,4.1117,0.009952
2245,304,3.2057,4.1305,0.010245
2246,304,3.2059,4.1244,0.010088
2247,304,3.2054,4.1333,0.010515
2248,304,3.2055,4.1345,0.010419
2249,304,3.2048,4.1261,0.010962
2250,304,3.205,4.1467,0.010778
2251,304,3.2052,4.1223,0.010621
2252,304,3.2051,4.1168,0.010689
2253,304,3.205,4.1404,0.0108
2254,304,3.2056,4.1393,0.010331
2255,304,3.2061,4.1412,0.009955
2256,304,3.2057,4.1352,0.010287
2257,304,3.2053,4.13,0.010544
2258,304,3.206,4.1244,0.010075
2259,304,3.2055,4.1198,0.010399
2260,304,3.2054,4.1307,0.010484
2261,304,3.206,4.121,0.010075
2262,304,3.2058,4.0756,0.010268
2263,304,3.2057,4.0717,0.010274
2264,304,3.2052,4.1102,0.010638
2265,304,3.2054,4.1102,0.010536
2266,304,3.2054,4.1119,0.010552
2267,304,3.2053,4.1157,0.010581
2268,304,3.2028,4.1353,0.012464
2269,304,3.2031,4.1151,0.012274
2270,304,3.2027,4.1276,0.012584
2271,304,3.2031,4.1434,0.012255
2272,304,3.2029,4.1341,0.012418
2273,304,3.2047,4.1386,0.011046
2274,304,3.2048,4.1426,0.011005
2275,304,3.2048,4.1429,0.010988
2276,304,3.2053,4.1242,0.010592
2277,304,3.2046,4.1413,0.011172
2278,304,3.2053,4.1403,0.010585
2279,304,3.2053,4.1372,0.010616
2280,305,3.2061,4.0644,0.010012
2281,305,3.2055,4.117,0.010503
2282,305,3.2062,4.0567,0.009929
2283,305,3.2041,4.1161,0.011603
2284,305,3.2045,4.0924,0.011308
2285,305,3.2032,4.1386,0.01225
2286,305,3.2034,4.1338,0.012126
2287,305,3.2043,4.1022,0.011458
2288,305,3.2037,4.1241,0.011868
2289,305,3.2063,4.0453,0.009865
2290,305,3.2058,4.0967,0.010252
2291,305,3.2061,4.0734,0.010028
2292,305,3.2055,4.1085,0.010503
2293,305,3.2054,4.1067,0.010516
2294,305,3.2061,4.055,0.010047
2295,305,3.2041,4.0867,0.011529
2296,305,3.2038,4.11,0.011809
2297,305,3.2035,4.1139,0.012025
2298,305,3.2036,4.1109,0.011948
2299,305,3.2032,4.1344,0.012243
2300,305,3.2041,4.0993,0.011572
2301,305,3.2064,4.024,0.00977
2302,305,3.2065,4.0115,0.009738
2303,305,3.206,4.0638,0.010113
2304,305,3.2061,4.0076,0.010033
2305,305,3.2062,4.0018,0.009884
2306,305,3.2061,4.0024,0.009958
2307,305,3.2063,3.9973,0.009872
2308,305,3.206,3.9974,0.010063
2309,305,3.2062,3.9936,0.0099
2310,305,3.2058,4.0112,0.010183
2311,305,3.2062,3.9984,0.009894
2312,305,3.2061,4.0034,0.009958
2313,305,3.2064,3.9893,0.009795
2314,305,3.206,4.0097,0.010087
2315,305,3.206,4.0136,0.010054
2316,305,3.2063,3.9939,0.00986
2317,305,3.2058,4.0041,0.010221
2318,305,3.206,4.0015,0.010052
2319,305,3.2044,4.021,0.011276
2320,305,3.2047,3.9771,0.011089
2321,305,3.2053,4.0134,0.01059
2322,305,3.2053,4.0083,0.01061
2323,305,3.205,3.9982,0.010836
2324,305,3.2048,4.0285,0.011005
2325,305,3.2054,3.9901,0.010541
2326,305,3.2061,4.006,0.009977
2327,305,3.2062,3.9943,0.009949
2328,305,3.2064,3.9979,0.009754
2329,305,3.2058,4.02,0.010207
2330,305,3.2055,4.021,0.010415
2331,305,3.205,4.0166,0.010789
2332,305,3.2051,4.0169,0.010736
2333,305,3.2058,3.9985,0.010233
2334,305,3.2051,4.0136,0.010725
2335,305,3.2049,4.0182,0.010881
2336,305,3.2048,4.0866,0.010988
2337,305,3.2061,4.0711,0.010008
2338,305,3.2062,4.0704,0.009893
2339,305,3.2064,4.0625,0.009747
2340,305,3.2061,4.0298,0.010003
2341,305,3.2065,3.9885,0.009679
2342,305,3.2059,4.0298,0.010162
2343,305,3.2058,4.0438,0.01025
2344,305,3.2055,4.0566,0.010474
2345,305,3.2056,4.0409,0.010356
2346,305,3.2057,4.0396,0.010302
2347,305,3.2059,4.0297,0.010147
2348,305,3.2055,4.0604,0.010457
2349,305,3.2054,4.0437,0.01057
2350,305,3.2062,3.993,0.009907
2351,305,3.2061,4.0351,0.010033
2352,305,3.2055,4.0581,0.010457
2353,305,3.2052,4.0784,0.010712
2354,305,3.205,4.0735,0.010824
2355,305,3.2055,4.0539,0.010443
2356,305,3.2059,4.0419,0.010117
2357,305,3.2053,4.0789,0.010635
2358,305,3.2055,4.054,0.010424
2359,305,3.205,4.0815,0.010857
2360,305,3.2053,4.0647,0.010601
2361,305,3.2053,4.0691,0.010564
2362,305,3.2051,4.0868,0.010747
2363,305,3.2053,4.0707,0.010643
2364,305,3.2059,4.0411,0.010186
2365,305,3.206,4.0298,0.010125
2366,305,3.2059,4.0423,0.010203
2367,305,3.206,4.0425,0.010042
2368,305,3.2062,4.0928,0.009944
2369,305,3.206,4.0962,0.010091
2370,305,3.2064,4.0698,0.009743
2371,305,3.2063,4.0738,0.009808
2372,305,3.2055,4.1124,0.010493
2373,305,3.2062,4.0624,0.009933
2374,305,3.2059,4.0807,0.010146
2375,305,3.2061,4.0524,0.009993
2376,306,3.2051,4.1432,0.010818
2377,306,3.2042,4.1096,0.011451
2378,306,3.2044,4.121,0.011344
2379,306,3.2038,4.1412,0.011815
2380,306,3.2035,4.1348,0.012019
2381,306,3.2025,4.1306,0.012784
2382,306,3.2036,4.1401,0.011966
2383,306,3.2023,4.1298,0.012947
2384,306,3.2027,4.1406,0.012648
2385,306,3.205,4.1438,0.010908
2386,306,3.2039,4.0722,0.011699
2387,306,3.2039,4.0604,0.011687
2388,306,3.2045,4.1455,0.011189
2389,306,3.2044,4.1365,0.011294
2390,306,3.204,4.1169,0.011624
2391,306,3.2023,4.1445,0.01294
2392,306,3.2024,4.1422,0.012902
2393,306,3.2042,4.0993,0.011522
2394,306,3.2024,4.1458,0.012845
2395,306,3.2022,4.1446,0.013027
2396,306,3.2034,4.1325,0.012077
2397,306,3.2035,4.1362,0.012008
2398,306,3.2053,4.1312,0.010585
2399,306,3.2055,4.1281,0.01043
2400,306,3.2055,4.1287,0.010452
2401,306,3.2055,4.1412,0.010475
2402,306,3.2056,4.0885,0.010371
2403,306,3.2051,4.1199,0.010756
2404,306,3.2046,4.1406,0.011126
2405,306,3.2047,4.1271,0.011049
2406,306,3.2045,4.1413,0.011181
2407,306,3.2046,4.142,0.011144
2408,306,3.2051,4.1312,0.010775
2409,306,3.2059,4.1138,0.010151
2410,306,3.2061,4.1264,0.010012
2411,306,3.2057,4.1085,0.01027
2412,306,3.2055,4.1453,0.010417
2413,306,3.2055,4.1465,0.010433
2414,306,3.2058,4.1363,0.010194
2415,306,3.2053,4.131,0.010541
2416,306,3.2046,4.1379,0.011084
2417,306,3.205,4.136,0.010804
2418,306,3.2046,4.1439,0.011126
2419,306,3.2049,4.1351,0.010889
2420,306,3.2055,4.1205,0.010422
2421,306,3.2061,4.1359,0.010006
2422,306,3.2054,4.1427,0.0105
2423,306,3.2061,4.1363,0.009985
2424,306,3.2058,4.127,0.010228
2425,306,3.2057,4.1374,0.010287
2426,306,3.2058,4.0778,0.010209
2427,306,3.2049,4.1288,0.010889
2428,306,3.2048,4.1377,0.010969
2429,306,3.2048,4.1435,0.010946
2430,306,3.2048,4.1449,0.010948
2431,306,3.2054,4.1374,0.01048
2432,306,3.2049,4.1454,0.010919
2433,306,3.2058,4.137,0.010236
2434,306,3.2061,4.1119,0.010015
2435,306,3.2057,4.1365,0.010326
2436,306,3.2056,4.1379,0.010394
2437,306,3.2057,4.1388,0.010318
2438,306,3.2058,4.1292,0.010176
2439,306,3.2046,4.1374,0.011168
2440,306,3.2046,4.1374,0.011136
2441,306,3.2046,4.1316,0.011092
2442,306,3.2046,4.1356,0.011101
2443,306,3.2047,4.1324,0.011073
2444,306,3.2045,4.1383,0.011222
2445,306,3.2058,4.1154,0.010198
2446,306,3.2058,4.1217,0.010206
2447,306,3.2055,4.1374,0.010435
2448,306,3.2054,4.1183,0.010588
2449,306,3.2056,4.0976,0.010372
2450,306,3.2053,4.1176,0.010618
2451,306,3.2055,4.1215,0.010507
2452,306,3.2048,4.1239,0.011043
2453,306,3.2051,4.0993,0.01079
2454,306,3.2047,4.1147,0.011079
2455,306,3.2048,4.1087,0.010998
2456,306,3.2047,4.1165,0.011079
2457,306,3.2047,4.1195,0.011067
2458,306,3.2053,4.1112,0.010666
2459,306,3.2055,4.0817,0.010476
2460,306,3.2056,4.1244,0.010414
2461,306,3.203,4.096,0.012317
2462,306,3.2036,4.1349,0.011862
2463,306,3.2046,4.1446,0.011106
2464,306,3.2042,4.048,0.011468
2465,306,3.2032,4.0472,0.012249
2466,306,3.2038,4.0539,0.011732
2467,306,3.2039,4.0544,0.011708
2468,306,3.2034,4.0533,0.012051
2469,306,3.2037,4.054,0.011853
2470,306,3.2042,4.0495,0.011395
2471,306,3.2041,4.0509,0.011512
2472,306,3.2037,4.0319,0.011825
2473,306,3.2045,4.0324,0.011226
2474,306,3.2043,4.0315,0.011365
2475,306,3.2049,4.0413,0.010891
2476,306,3.2047,4.0324,0.011101
2477,306,3.2032,4.0386,0.012288
2478,306,3.2045,4.0374,0.011219
2479,306,3.2037,4.0428,0.01189
2480,306,3.2027,4.0495,0.012599
2481,306,3.2034,4.0369,0.012071
2482,306,3.2051,4.0248,0.010737
2483,306,3.2038,3.9973,0.011759
2484,306,3.2043,4.0225,0.011415
2485,307,3.2043,4.0428,0.01144
2486,307,3.2039,4.0359,0.011755
2487,307,3.2024,4.0298,0.012897
2488,307,3.203,4.0409,0.012419
2489,307,3.2043,4.0291,0.011408
2490,307,3.2028,4.0366,0.012646
2491,307,3.2027,4.0343,0.012719
2492,307,3.204,4.0409,0.011647
2493,307,3.2042,4.0449,0.011468
2494,307,3.2038,4.0339,0.011811
2495,307,3.2035,4.0185,0.012038
2496,307,3.2045,4.1345,0.011227
2497,307,3.2047,4.1312,0.011081
2498,307,3.2045,4.1328,0.011271
2499,307,3.2048,4.1245,0.011057
2500,307,3.2034,4.1332,0.012139
2501,307,3.2024,4.1461,0.012919
2502,307,3.203,4.1465,0.012405
2503,307,3.2013,4.0905,0.013769
2504,307,3.2038,4.1221,0.011761
2505,307,3.2028,4.1427,0.012538
2506,307,3.2024,4.1416,0.012892
2507,307,3.2037,4.1389,0.011839
2508,307,3.2038,4.1384,0.011823
2509,307,3.2051,4.1376,0.010739
2510,307,3.206,4.1279,0.010055
2511,307,3.2055,4.1164,0.010462
2512,307,3.2055,4.1242,0.010469
2513,307,3.2053,4.1253,0.010567
2514,307,3.2053,4.1261,0.010577
2515,307,3.2053,4.1219,0.010612
2516,307,3.205,4.1433,0.010793
2517,307,3.2057,4.1388,0.010323
2518,307,3.2055,4.0996,0.010424
2519,307,3.2052,4.1424,0.010676
2520,307,3.2051,4.1384,0.010734
2521,307,3.2054,4.116,0.010532
2522,307,3.2055,4.1263,0.010403
2523,307,3.2055,4.1357,0.010392
2524,307,3.2057,4.1323,0.010253
2525,307,3.2056,4.1343,0.010327
2526,307,3.2047,4.1452,0.010991
2527,307,3.2057,4.132,0.010304
2528,307,3.2053,4.1379,0.010546
2529,307,3.2058,4.1408,0.010222
2530,307,3.2056,4.1375,0.010387
2531,307,3.2051,4.1467,0.010753
2532,307,3.2056,4.1216,0.010359
2533,307,3.2054,4.0732,0.010545
2534,307,3.2054,4.0521,0.010527
2535,307,3.2054,4.0921,0.010521
2536,307,3.2054,4.1309,0.010539
2537,307,3.2051,4.1452,0.010733
2538,307,3.2052,4.1395,0.010659
2539,307,3.2052,4.1109,0.010635
2540,307,3.2051,4.114,0.010713
2541,307,3.2053,4.1168,0.010574
2542,307,3.2051,4.1456,0.010746
2543,307,3.2052,4.1315,0.010696
2544,307,3.2052,4.1411,0.010673
2545,307,3.2054,4.1,0.010521
2546,307,3.2053,4.1356,0.010588
2547,307,3.205,4.1405,0.010822
2548,307,3.2051,4.1255,0.010758
2549,307,3.2047,4.1426,0.011052
2550,307,3.205,4.1388,0.010822
2551,307,3.2055,4.1337,0.010454
2552,307,3.2049,4.1377,0.01091
2553,307,3.2052,4.1383,0.010656
2554,307,3.2052,4.1417,0.010693
2555,307,3.2055,4.1313,0.01041
2556,307,3.205,4.109,0.010845
2557,307,3.2052,4.1007,0.010679
2558,307,3.2052,4.0879,0.010667
2559,307,3.2055,4.103,0.010513
2560,307,3.2053,4.1165,0.010609
2561,307,3.2053,4.1185,0.01061
2562,307,3.2052,4.1152,0.010731
2563,307,3.2058,4.1093,0.010235
2564,307,3.2053,4.1177,0.010633
2565,307,3.2046,4.1107,0.011117
2566,307,3.2047,4.1228,0.011056
2567,307,3.2047,4.1186,0.011095
2568,307,3.2034,4.1464,0.012044
2569,307,3.204,4.1495,0.011589
2570,307,3.2042,4.1461,0.01144
2571,307,3.2027,4.1484,0.012606
2572,307,3.2023,4.1391,0.012887
2573,307,3.2024,4.1368,0.012813
2574,307,3.203,4.1523,0.012357
2575,307,3.2027,4.1479,0.012642
2576,307,3.2041,4.1444,0.011531
2577,307,3.2044,4.1402,0.011257
2578,307,3.2044,4.1399,0.011305
2579,307,3.2034,4.1426,0.012031
2580,307,3.2044,4.145,0.011352
2581,307,3.2038,4.1352,0.011747
2582,307,3.204,4.1353,0.011628
2583,307,3.2035,4.1437,0.01199
2584,307,3.2021,4.1269,0.013084
2585,307,3.2041,4.1367,0.01157
2586,307,3.2022,4.1291,0.012999
2587,307,3.2047,4.1074,0.011068
2588,307,3.2033,4.1324,0.01216
2589,307,3.2039,4.1251,0.011723
2590,307,3.2043,4.144,0.011392
2591,307,3.2042,4.1416,0.011456
