subject_id,fitted,n_healthy,n_compensated,mean_confidence,std_confidence
101,True,105,3,0.3999,0.2835
102,True,109,2,0.3213,0.3213
103,True,108,2,0.2859,0.2859
104,True,57,0,,
105,True,113,2,0.6799,0.0335
106,True,107,0,,
107,True,109,0,,
201,True,19,92,0.6913,0.0816
202,True,95,16,0.7751,0.073
203,True,16,34,0.6012,0.0611
204,True,70,107,0.7616,0.0395
205,True,19,2,0.8176,0.001
206,True,73,67,0.6613,0.0639
207,True,5,84,0.5613,0.0605
209,True,39,14,0.676,0.0516
210,True,27,7,0.627,0.032
211,True,32,19,0.7722,0.033
212,True,31,21,0.6432,0.1336
213,True,39,15,0.8256,0.0418
214,True,47,5,0.7936,0.0543
215,True,60,13,0.8036,0.0352
216,True,36,18,0.757,0.0353
217,True,52,9,0.7346,0.1597
301,True,108,0,,
302,True,109,1,0.6906,0.0
303,True,107,0,,
304,True,55,0,,
305,True,96,0,,
306,True,109,0,,
307,True,107,0,,
