frame,mean_attention
0,0.02152622425885545
1,0.017483027913064834
2,0.01766051794735045
3,0.01729844259864382
4,0.01694041517569999
5,0.01657857834593515
6,0.016194367478754516
7,0.015879832693063048
8,0.015642152747010554
9,0.015488607493830308
10,0.015387185494922311
11,0.015367102733348823
12,0.015360386569488918
13,0.015374979062359125
14,0.015430487639296983
15,0.015551676926756686
16,0.015683879493241112
17,0.015863516454305393
18,0.016022498474422917
19,0.016241944011541096
20,0.016492104473642143
21,0.01674529405612198
22,0.016906103062058173
23,0.016981805436595176
24,0.017033176974696675
25,0.017086506678225304
26,0.017171022198394992
27,0.017171240020859894
28,0.01707936114498136
29,0.016950283399194927
30,0.01690206009291714
31,0.01680011713378025
32,0.016628735751638823
33,0.01637687554490145
34,0.016134473568388985
35,0.015909333600579553
36,0.01568785249034368
37,0.015520148900509824
38,0.015199324333563292
39,0.014992590573486467
40,0.01478947287636916
41,0.014623683515587925
42,0.014494141748131139
43,0.014283928471049399
44,0.014171552005291917
45,0.014103483132062593
46,0.01407217936642114
47,0.014050106952335958
48,0.014039522180979076
49,0.014075993669070749
50,0.01409751249839868
51,0.01414968562411348
52,0.014066900346066995
53,0.014055866380637622
54,0.01418207934994629
55,0.014280733846483392
56,0.014492775761411199
57,0.014633983500444288
58,0.01451304046560889
59,0.014692683337280054
60,0.015225615889278617
61,0.016155877069657536
62,0.01741945574095335
63,0.008585493714239646
