joint,mean_attention,std_attention,mean_healthy,mean_comp,rank
SpineShoulder,0.8054061249537374,0.0022035472783305298,0.8051530642090289,0.806389242073275,1
SpineBase,0.7790262344814535,0.009214895187543364,0.7787137981929381,0.7802400199872143,2
WristRight,0.7530961660355295,0.003934574045762547,0.7530866710233016,0.7531330532622788,3
WristLeft,0.752532300248299,0.0028039605542612353,0.7525417685450831,0.7524955168085278,4
KneeRight,0.7024612932556981,0.014792881141920679,0.7009999280186635,0.7081385593369321,5
KneeLeft,0.7018518624917196,0.013221157876598761,0.7008354375523349,0.7058005774920841,6
HipRight,0.6982677807306958,0.011370429077919514,0.6969429253952893,0.7034147187223975,7
ElbowRight,0.6909627532949776,0.01504863616794229,0.6905129200744073,0.6927103129197967,8
HipLeft,0.6884720846233611,0.010665779116818147,0.6883508908974424,0.688942910815185,9
ShoulderRight,0.6817684120402552,0.007426613911771211,0.6815851596792443,0.682480330174824,10
ElbowLeft,0.6799644786402635,0.010292262335718476,0.6807999099673085,0.6767189067489696,11
SpineMid,0.6781154502400472,0.003126466536463486,0.678501656010291,0.6766150772571564,12
ShoulderLeft,0.673956498371307,0.006198978710363941,0.6737856233276286,0.6746203317957105,13
Neck,0.6698741404740403,0.0010743016956468118,0.6698372085850582,0.6700176173785948,14
AnkleLeft,0.667425099189054,0.00870597996866569,0.6660007964702067,0.6729583808835947,15
HandLeft,0.6638744194887927,0.0034167507015541794,0.6635428630304082,0.6651624850507053,16
HandRight,0.6619673756017055,0.003971248253986306,0.6619154651110586,0.6621690429606528,17
AnkleRight,0.6601562430242536,0.0072357712652285295,0.6594558520013699,0.6628771960735321,18
Head,0.5056843127740217,0.0016886075716901177,0.5056344361893467,0.5058780786001458,19
HandTipLeft,0.49271973586533696,0.00702981828122718,0.49236699327964006,0.494090107533167,20
HandTipRight,0.4901454582574424,0.008398559071171244,0.48984044958168355,0.4913303881883621,21
ThumbLeft,0.48841310111469816,0.01030530568901259,0.48782211430678385,0.4907090291099728,22
ThumbRight,0.4812695865766474,0.013803505670338353,0.4809789597669697,0.482398644314622,23
FootRight,0.4513024536165412,0.01641335032521243,0.45346962194120843,0.44288320912505097,24
FootLeft,0.45024830076444927,0.01808549584789814,0.4534179702321553,0.43793443390783277,25
