joint,value,file
knee_left,176.77,101_18_0_1_1_stand.txt
knee_right,175.72,101_18_0_1_1_stand.txt
knee_left,176.28,101_18_0_2_1_stand.txt
knee_right,175.45,101_18_0_2_1_stand.txt
knee_left,176.4,101_18_0_3_1_stand.txt
knee_right,175.77,101_18_0_3_1_stand.txt
knee_left,176.23,101_18_0_4_1_stand.txt
knee_right,175.51,101_18_0_4_1_stand.txt
knee_left,176.51,101_18_0_5_1_stand.txt
knee_right,175.38,101_18_0_5_1_stand.txt
knee_left,176.6,101_18_0_9_1_stand.txt
knee_right,175.07,101_18_0_9_1_stand.txt
knee_left,175.48,101_18_1_1_1_stand.txt
knee_right,175.81,101_18_1_1_1_stand.txt
knee_left,175.38,101_18_1_2_1_stand.txt
knee_right,175.87,101_18_1_2_1_stand.txt
knee_left,175.5,101_18_1_3_1_stand.txt
knee_right,175.72,101_18_1_3_1_stand.txt
knee_left,175.34,101_18_1_4_1_stand.txt
knee_right,175.75,101_18_1_4_1_stand.txt
knee_left,175.43,101_18_1_5_1_stand.txt
knee_right,175.63,101_18_1_5_1_stand.txt
knee_left,175.61,101_18_1_6_1_stand.txt
knee_right,175.37,101_18_1_6_1_stand.txt
knee_left,175.37,101_18_1_7_1_stand.txt
knee_right,175.47,101_18_1_7_1_stand.txt
knee_left,175.93,101_18_2_1_1_stand.txt
knee_right,174.51,101_18_2_1_1_stand.txt
knee_left,176.58,101_18_2_2_1_stand.txt
knee_right,175.29,101_18_2_2_1_stand.txt
knee_left,176.04,101_18_2_3_1_stand.txt
knee_right,175.27,101_18_2_3_1_stand.txt
knee_left,175.96,101_18_2_4_1_stand.txt
knee_right,175.09,101_18_2_4_1_stand.txt
knee_left,175.88,101_18_2_5_1_stand.txt
knee_right,174.7,101_18_2_5_1_stand.txt
knee_left,176.49,101_18_2_6_1_stand.txt
knee_right,174.91,101_18_2_6_1_stand.txt
knee_left,175.56,101_18_3_1_1_stand.txt
knee_right,175.19,101_18_3_1_1_stand.txt
knee_left,175.03,101_18_3_2_1_stand.txt
knee_right,175.16,101_18_3_2_1_stand.txt
knee_left,175.63,101_18_3_3_1_stand.txt
knee_right,174.27,101_18_3_3_1_stand.txt
knee_left,175.69,101_18_3_4_1_stand.txt
knee_right,173.99,101_18_3_4_1_stand.txt
knee_left,175.33,101_18_3_5_1_stand.txt
knee_right,174.3,101_18_3_5_1_stand.txt
knee_left,175.53,101_18_3_6_1_stand.txt
knee_right,174.06,101_18_3_6_1_stand.txt
knee_left,176.47,101_18_4_11_2_stand.txt
knee_right,175.24,101_18_4_11_2_stand.txt
knee_left,177.08,101_18_4_1_1_stand.txt
knee_right,174.83,101_18_4_1_1_stand.txt
knee_left,177.37,101_18_4_2_1_stand.txt
knee_right,174.79,101_18_4_2_1_stand.txt
knee_left,177.29,101_18_4_3_1_stand.txt
knee_right,175.12,101_18_4_3_1_stand.txt
knee_left,176.35,101_18_4_4_1_stand.txt
knee_right,174.59,101_18_4_4_1_stand.txt
knee_left,176.66,101_18_4_5_1_stand.txt
knee_right,174.68,101_18_4_5_1_stand.txt
knee_left,175.89,101_18_5_1_1_stand.txt
knee_right,176.16,101_18_5_1_1_stand.txt
knee_left,175.49,101_18_5_2_1_stand.txt
knee_right,176.24,101_18_5_2_1_stand.txt
knee_left,174.93,101_18_5_3_1_stand.txt
knee_right,175.7,101_18_5_3_1_stand.txt
knee_left,175.21,101_18_5_4_1_stand.txt
knee_right,175.52,101_18_5_4_1_stand.txt
knee_left,175.37,101_18_5_5_1_stand.txt
knee_right,175.64,101_18_5_5_1_stand.txt
knee_left,175.34,101_18_5_6_1_stand.txt
knee_right,175.53,101_18_5_6_1_stand.txt
knee_left,176.31,101_18_5_7_2_stand.txt
knee_right,175.73,101_18_5_7_2_stand.txt
knee_left,175.06,101_18_6_1_1_stand.txt
knee_right,173.65,101_18_6_1_1_stand.txt
knee_left,175.36,101_18_6_2_1_stand.txt
knee_right,174.48,101_18_6_2_1_stand.txt
knee_left,175.68,101_18_6_3_1_stand.txt
knee_right,175.05,101_18_6_3_1_stand.txt
knee_left,175.8,101_18_6_4_1_stand.txt
knee_right,175.41,101_18_6_4_1_stand.txt
knee_left,175.69,101_18_6_5_1_stand.txt
knee_right,175.22,101_18_6_5_1_stand.txt
knee_left,175.75,101_18_6_6_1_stand.txt
knee_right,175.1,101_18_6_6_1_stand.txt
knee_left,173.0,101_18_7_1_1_stand.txt
knee_right,173.14,101_18_7_1_1_stand.txt
knee_left,174.47,101_18_7_2_1_stand.txt
knee_right,170.77,101_18_7_2_1_stand.txt
knee_left,174.5,101_18_7_3_1_stand.txt
knee_right,169.14,101_18_7_3_1_stand.txt
knee_left,174.68,101_18_7_4_1_stand.txt
knee_right,169.38,101_18_7_4_1_stand.txt
knee_left,174.02,101_18_7_5_1_stand.txt
knee_right,169.23,101_18_7_5_1_stand.txt
knee_left,174.73,101_18_7_6_1_stand.txt
knee_right,170.44,101_18_7_6_1_stand.txt
knee_left,173.53,101_18_8_1_1_stand.txt
knee_right,173.17,101_18_8_1_1_stand.txt
knee_left,170.75,101_18_8_2_1_stand.txt
knee_right,174.6,101_18_8_2_1_stand.txt
knee_left,171.19,101_18_8_3_1_stand.txt
knee_right,174.8,101_18_8_3_1_stand.txt
knee_left,171.7,101_18_8_4_1_stand.txt
knee_right,174.72,101_18_8_4_1_stand.txt
knee_left,171.78,101_18_8_5_1_stand.txt
knee_right,175.65,101_18_8_5_1_stand.txt
knee_left,172.16,101_18_8_6_1_stand.txt
knee_right,173.39,101_18_8_6_1_stand.txt
knee_left,170.62,102_18_0_1_1_stand.txt
knee_right,165.52,102_18_0_1_1_stand.txt
knee_left,170.76,102_18_0_2_1_stand.txt
knee_right,165.3,102_18_0_2_1_stand.txt
knee_left,170.68,102_18_0_3_1_stand.txt
knee_right,165.55,102_18_0_3_1_stand.txt
knee_left,170.8,102_18_0_4_1_stand.txt
knee_right,165.6,102_18_0_4_1_stand.txt
knee_left,170.48,102_18_0_5_1_stand.txt
knee_right,164.74,102_18_0_5_1_stand.txt
knee_left,170.19,102_18_0_6_1_stand.txt
knee_right,165.17,102_18_0_6_1_stand.txt
knee_left,170.61,102_18_0_7_1_stand.txt
knee_right,165.19,102_18_0_7_1_stand.txt
knee_left,168.78,102_18_1_12_1_stand.txt
knee_right,164.51,102_18_1_12_1_stand.txt
knee_left,168.81,102_18_1_1_1_stand.txt
knee_right,164.5,102_18_1_1_1_stand.txt
knee_left,168.98,102_18_1_2_1_stand.txt
knee_right,164.6,102_18_1_2_1_stand.txt
knee_left,168.84,102_18_1_3_1_stand.txt
knee_right,164.67,102_18_1_3_1_stand.txt
knee_left,169.3,102_18_1_4_1_stand.txt
knee_right,164.63,102_18_1_4_1_stand.txt
knee_left,168.95,102_18_1_5_1_stand.txt
knee_right,164.59,102_18_1_5_1_stand.txt
knee_left,171.63,102_18_2_1_1_stand.txt
knee_right,168.55,102_18_2_1_1_stand.txt
knee_left,171.75,102_18_2_2_1_stand.txt
knee_right,170.26,102_18_2_2_1_stand.txt
knee_left,171.85,102_18_2_3_1_stand.txt
knee_right,170.99,102_18_2_3_1_stand.txt
knee_left,171.61,102_18_2_4_1_stand.txt
knee_right,170.02,102_18_2_4_1_stand.txt
knee_left,171.68,102_18_2_5_1_stand.txt
knee_right,171.17,102_18_2_5_1_stand.txt
knee_left,171.41,102_18_2_6_1_stand.txt
knee_right,170.81,102_18_2_6_1_stand.txt
knee_left,171.37,102_18_2_7_1_stand.txt
knee_right,170.97,102_18_2_7_1_stand.txt
knee_left,173.82,102_18_3_1_1_stand.txt
knee_right,170.83,102_18_3_1_1_stand.txt
knee_left,173.93,102_18_3_2_1_stand.txt
knee_right,170.48,102_18_3_2_1_stand.txt
knee_left,173.46,102_18_3_3_1_stand.txt
knee_right,170.46,102_18_3_3_1_stand.txt
knee_left,173.7,102_18_3_4_1_stand.txt
knee_right,170.75,102_18_3_4_1_stand.txt
knee_left,173.14,102_18_3_5_1_stand.txt
knee_right,170.21,102_18_3_5_1_stand.txt
knee_left,173.86,102_18_3_6_1_stand.txt
knee_right,170.66,102_18_3_6_1_stand.txt
knee_left,170.44,102_18_4_13_2_stand.txt
knee_right,169.3,102_18_4_13_2_stand.txt
knee_left,171.41,102_18_4_1_1_stand.txt
knee_right,171.49,102_18_4_1_1_stand.txt
knee_left,171.53,102_18_4_2_1_stand.txt
knee_right,171.44,102_18_4_2_1_stand.txt
knee_left,171.04,102_18_4_3_1_stand.txt
knee_right,171.06,102_18_4_3_1_stand.txt
knee_left,170.35,102_18_4_4_1_stand.txt
knee_right,171.11,102_18_4_4_1_stand.txt
knee_left,170.47,102_18_4_5_1_stand.txt
knee_right,171.34,102_18_4_5_1_stand.txt
knee_left,170.61,102_18_4_6_1_stand.txt
knee_right,170.83,102_18_4_6_1_stand.txt
knee_left,173.64,102_18_5_1_1_stand.txt
knee_right,169.79,102_18_5_1_1_stand.txt
knee_left,174.16,102_18_5_2_1_stand.txt
knee_right,170.02,102_18_5_2_1_stand.txt
knee_left,174.18,102_18_5_3_1_stand.txt
knee_right,170.62,102_18_5_3_1_stand.txt
knee_left,174.54,102_18_5_4_1_stand.txt
knee_right,171.11,102_18_5_4_1_stand.txt
knee_left,174.09,102_18_5_5_1_stand.txt
knee_right,169.77,102_18_5_5_1_stand.txt
knee_left,174.07,102_18_5_6_1_stand.txt
knee_right,170.16,102_18_5_6_1_stand.txt
knee_left,173.42,102_18_6_1_1_stand.txt
knee_right,173.21,102_18_6_1_1_stand.txt
knee_left,173.2,102_18_6_2_1_stand.txt
knee_right,172.81,102_18_6_2_1_stand.txt
knee_left,172.76,102_18_6_3_1_stand.txt
knee_right,172.39,102_18_6_3_1_stand.txt
knee_left,172.37,102_18_6_4_1_stand.txt
knee_right,172.37,102_18_6_4_1_stand.txt
knee_left,172.96,102_18_6_5_1_stand.txt
knee_right,172.66,102_18_6_5_1_stand.txt
knee_left,173.13,102_18_6_6_1_stand.txt
knee_right,172.67,102_18_6_6_1_stand.txt
knee_left,175.39,102_18_7_1_1_stand.txt
knee_right,167.89,102_18_7_1_1_stand.txt
knee_left,173.0,102_18_7_2_1_stand.txt
knee_right,166.55,102_18_7_2_1_stand.txt
knee_left,171.97,102_18_7_3_1_stand.txt
knee_right,165.34,102_18_7_3_1_stand.txt
knee_left,172.7,102_18_7_4_1_stand.txt
knee_right,163.85,102_18_7_4_1_stand.txt
knee_left,172.9,102_18_7_5_1_stand.txt
knee_right,164.63,102_18_7_5_1_stand.txt
knee_left,172.23,102_18_7_6_1_stand.txt
knee_right,164.17,102_18_7_6_1_stand.txt
knee_left,168.27,102_18_8_1_1_stand.txt
knee_right,174.63,102_18_8_1_1_stand.txt
knee_left,170.29,102_18_8_2_1_stand.txt
knee_right,171.38,102_18_8_2_1_stand.txt
knee_left,172.09,102_18_8_3_1_stand.txt
knee_right,173.12,102_18_8_3_1_stand.txt
knee_left,170.87,102_18_8_4_1_stand.txt
knee_right,171.12,102_18_8_4_1_stand.txt
knee_left,172.1,102_18_8_5_1_stand.txt
knee_right,171.98,102_18_8_5_1_stand.txt
knee_left,172.62,102_18_8_6_1_stand.txt
knee_right,172.65,102_18_8_6_1_stand.txt
elbow_left,174.87,103_18_0_1_1_stand.txt
knee_left,176.83,103_18_0_1_1_stand.txt
knee_right,177.94,103_18_0_1_1_stand.txt
elbow_left,175.53,103_18_0_2_1_stand.txt
knee_left,176.33,103_18_0_2_1_stand.txt
knee_right,178.12,103_18_0_2_1_stand.txt
elbow_left,175.2,103_18_0_3_1_stand.txt
knee_left,176.46,103_18_0_3_1_stand.txt
knee_right,177.47,103_18_0_3_1_stand.txt
elbow_left,174.68,103_18_0_4_1_stand.txt
knee_left,176.45,103_18_0_4_1_stand.txt
knee_right,176.91,103_18_0_4_1_stand.txt
elbow_left,174.05,103_18_0_5_1_stand.txt
knee_left,175.56,103_18_0_5_1_stand.txt
knee_right,176.93,103_18_0_5_1_stand.txt
knee_left,175.94,103_18_0_6_1_stand.txt
knee_right,176.63,103_18_0_6_1_stand.txt
knee_left,174.37,103_18_1_1_1_stand.txt
knee_right,177.51,103_18_1_1_1_stand.txt
knee_left,174.69,103_18_1_2_1_stand.txt
knee_right,178.15,103_18_1_2_1_stand.txt
knee_left,175.0,103_18_1_3_1_stand.txt
knee_right,177.24,103_18_1_3_1_stand.txt
knee_left,174.6,103_18_1_4_1_stand.txt
knee_right,178.12,103_18_1_4_1_stand.txt
knee_left,174.6,103_18_1_5_1_stand.txt
knee_right,177.88,103_18_1_5_1_stand.txt
knee_left,174.74,103_18_1_6_1_stand.txt
knee_right,177.79,103_18_1_6_1_stand.txt
knee_left,172.31,103_18_2_1_1_stand.txt
knee_right,177.23,103_18_2_1_1_stand.txt
knee_left,172.87,103_18_2_2_1_stand.txt
knee_right,176.64,103_18_2_2_1_stand.txt
knee_left,172.05,103_18_2_3_1_stand.txt
knee_right,177.19,103_18_2_3_1_stand.txt
knee_left,172.16,103_18_2_4_1_stand.txt
knee_right,177.27,103_18_2_4_1_stand.txt
knee_left,172.58,103_18_2_5_1_stand.txt
knee_right,177.6,103_18_2_5_1_stand.txt
knee_left,172.6,103_18_2_6_1_stand.txt
knee_right,177.8,103_18_2_6_1_stand.txt
knee_left,173.69,103_18_3_1_1_stand.txt
knee_right,176.1,103_18_3_1_1_stand.txt
knee_left,173.23,103_18_3_2_1_stand.txt
knee_right,175.63,103_18_3_2_1_stand.txt
knee_left,173.19,103_18_3_3_1_stand.txt
knee_right,175.95,103_18_3_3_1_stand.txt
knee_left,173.66,103_18_3_4_1_stand.txt
knee_right,175.45,103_18_3_4_1_stand.txt
knee_left,173.39,103_18_3_5_1_stand.txt
knee_right,175.65,103_18_3_5_1_stand.txt
knee_left,173.77,103_18_3_6_1_stand.txt
knee_right,175.52,103_18_3_6_1_stand.txt
knee_left,174.32,103_18_4_13_2_stand.txt
knee_right,176.79,103_18_4_13_2_stand.txt
knee_left,172.37,103_18_4_1_1_stand.txt
knee_right,176.23,103_18_4_1_1_stand.txt
knee_left,171.52,103_18_4_2_1_stand.txt
knee_right,176.67,103_18_4_2_1_stand.txt
knee_left,171.52,103_18_4_3_1_stand.txt
knee_right,176.77,103_18_4_3_1_stand.txt
knee_left,172.09,103_18_4_4_1_stand.txt
knee_right,176.9,103_18_4_4_1_stand.txt
knee_left,171.04,103_18_4_5_1_stand.txt
knee_right,176.74,103_18_4_5_1_stand.txt
knee_left,171.33,103_18_4_6_1_stand.txt
knee_right,176.19,103_18_4_6_1_stand.txt
knee_left,173.34,103_18_5_1_1_stand.txt
knee_right,177.02,103_18_5_1_1_stand.txt
knee_left,173.55,103_18_5_2_1_stand.txt
knee_right,176.29,103_18_5_2_1_stand.txt
knee_left,173.67,103_18_5_3_1_stand.txt
knee_right,176.24,103_18_5_3_1_stand.txt
knee_left,173.51,103_18_5_4_1_stand.txt
knee_right,175.9,103_18_5_4_1_stand.txt
knee_left,173.45,103_18_5_5_1_stand.txt
knee_right,176.33,103_18_5_5_1_stand.txt
knee_left,173.91,103_18_5_6_1_stand.txt
knee_right,175.89,103_18_5_6_1_stand.txt
knee_left,175.81,103_18_6_1_1_stand.txt
knee_right,177.47,103_18_6_1_1_stand.txt
knee_left,175.39,103_18_6_2_1_stand.txt
knee_right,177.52,103_18_6_2_1_stand.txt
knee_left,175.36,103_18_6_3_1_stand.txt
knee_right,177.44,103_18_6_3_1_stand.txt
knee_left,175.4,103_18_6_4_1_stand.txt
knee_right,177.22,103_18_6_4_1_stand.txt
knee_left,175.3,103_18_6_5_1_stand.txt
knee_right,177.71,103_18_6_5_1_stand.txt
knee_left,175.24,103_18_6_6_1_stand.txt
knee_right,177.97,103_18_6_6_1_stand.txt
knee_left,165.83,103_18_7_1_1_stand.txt
knee_right,175.47,103_18_7_1_1_stand.txt
knee_left,165.96,103_18_7_2_1_stand.txt
knee_right,173.32,103_18_7_2_1_stand.txt
knee_left,166.5,103_18_7_3_1_stand.txt
knee_right,173.97,103_18_7_3_1_stand.txt
knee_left,165.57,103_18_7_4_1_stand.txt
knee_right,173.14,103_18_7_4_1_stand.txt
knee_left,165.46,103_18_7_5_1_stand.txt
knee_right,173.0,103_18_7_5_1_stand.txt
knee_left,164.65,103_18_7_6_1_stand.txt
knee_right,172.25,103_18_7_6_1_stand.txt
knee_left,174.8,103_18_8_1_1_stand.txt
knee_right,175.96,103_18_8_1_1_stand.txt
knee_left,174.55,103_18_8_2_1_stand.txt
knee_right,176.19,103_18_8_2_1_stand.txt
knee_left,173.71,103_18_8_3_1_stand.txt
knee_right,175.91,103_18_8_3_1_stand.txt
knee_left,174.14,103_18_8_4_1_stand.txt
knee_right,175.57,103_18_8_4_1_stand.txt
knee_left,172.43,103_18_8_5_1_stand.txt
knee_right,175.53,103_18_8_5_1_stand.txt
knee_left,171.88,103_18_8_6_1_stand.txt
knee_right,176.62,103_18_8_6_1_stand.txt
knee_left,172.44,104_18_0_1_1_stand.txt
knee_right,174.7,104_18_0_1_1_stand.txt
knee_left,173.14,104_18_0_2_1_stand.txt
knee_right,176.59,104_18_0_2_1_stand.txt
knee_left,172.5,104_18_0_3_1_stand.txt
knee_right,176.48,104_18_0_3_1_stand.txt
knee_left,172.62,104_18_0_4_1_stand.txt
knee_right,176.89,104_18_0_4_1_stand.txt
knee_left,172.38,104_18_0_5_1_stand.txt
knee_right,176.36,104_18_0_5_1_stand.txt
knee_left,172.91,104_18_0_6_1_stand.txt
knee_right,176.3,104_18_0_6_1_stand.txt
knee_left,173.75,104_18_1_1_1_stand.txt
knee_right,175.97,104_18_1_1_1_stand.txt
knee_left,173.83,104_18_1_2_1_stand.txt
knee_right,176.22,104_18_1_2_1_stand.txt
knee_left,174.37,104_18_1_3_1_stand.txt
knee_right,176.48,104_18_1_3_1_stand.txt
knee_left,173.95,104_18_1_4_1_stand.txt
knee_right,176.44,104_18_1_4_1_stand.txt
knee_left,173.55,104_18_1_5_1_stand.txt
knee_right,176.19,104_18_1_5_1_stand.txt
knee_left,173.93,104_18_1_6_1_stand.txt
knee_right,176.1,104_18_1_6_1_stand.txt
knee_left,173.32,104_18_1_7_1_stand.txt
knee_right,176.15,104_18_1_7_1_stand.txt
knee_left,175.6,104_18_2_1_1_stand.txt
knee_right,175.69,104_18_2_1_1_stand.txt
knee_left,174.34,104_18_2_2_1_stand.txt
knee_right,176.63,104_18_2_2_1_stand.txt
knee_left,173.83,104_18_2_3_1_stand.txt
knee_right,177.22,104_18_2_3_1_stand.txt
knee_left,173.23,104_18_2_4_1_stand.txt
knee_right,177.13,104_18_2_4_1_stand.txt
knee_left,174.16,104_18_2_5_1_stand.txt
knee_right,177.5,104_18_2_5_1_stand.txt
knee_left,174.17,104_18_2_6_1_stand.txt
knee_right,177.33,104_18_2_6_1_stand.txt
knee_left,175.65,104_18_2_7_1_stand.txt
knee_right,177.76,104_18_2_7_1_stand.txt
knee_left,175.65,104_18_2_8_1_stand.txt
knee_right,177.56,104_18_2_8_1_stand.txt
knee_left,176.82,104_18_3_1_1_stand.txt
knee_right,177.46,104_18_3_1_1_stand.txt
knee_left,177.33,104_18_3_2_1_stand.txt
knee_right,176.9,104_18_3_2_1_stand.txt
knee_left,176.93,104_18_3_3_1_stand.txt
knee_right,177.85,104_18_3_3_1_stand.txt
knee_left,176.09,104_18_3_4_1_stand.txt
knee_right,177.9,104_18_3_4_1_stand.txt
knee_left,177.01,104_18_3_5_1_stand.txt
knee_right,178.58,104_18_3_5_1_stand.txt
knee_left,176.67,104_18_3_6_1_stand.txt
knee_right,178.35,104_18_3_6_1_stand.txt
knee_left,172.8,104_18_4_1_1_stand.txt
knee_right,177.41,104_18_4_1_1_stand.txt
knee_left,173.08,104_18_4_2_1_stand.txt
knee_right,178.14,104_18_4_2_1_stand.txt
knee_left,173.73,104_18_4_3_1_stand.txt
knee_right,177.03,104_18_4_3_1_stand.txt
knee_left,173.2,104_18_4_4_1_stand.txt
knee_right,177.11,104_18_4_4_1_stand.txt
knee_left,173.28,104_18_4_5_1_stand.txt
knee_right,176.93,104_18_4_5_1_stand.txt
knee_left,174.82,104_18_4_6_1_stand.txt
knee_right,176.42,104_18_4_6_1_stand.txt
elbow_left,174.2,104_18_5_1_1_stand.txt
knee_left,174.37,104_18_5_1_1_stand.txt
knee_right,177.72,104_18_5_1_1_stand.txt
knee_left,174.83,104_18_5_2_1_stand.txt
knee_right,178.01,104_18_5_2_1_stand.txt
knee_left,175.26,104_18_5_3_1_stand.txt
knee_right,178.06,104_18_5_3_1_stand.txt
knee_left,176.24,104_18_5_4_1_stand.txt
knee_right,178.03,104_18_5_4_1_stand.txt
knee_left,174.61,104_18_5_5_1_stand.txt
knee_right,177.27,104_18_5_5_1_stand.txt
knee_left,174.37,104_18_5_6_1_stand.txt
knee_right,177.92,104_18_5_6_1_stand.txt
knee_left,174.79,104_18_6_1_1_stand.txt
knee_right,174.67,104_18_6_1_1_stand.txt
knee_left,175.7,104_18_6_2_1_stand.txt
knee_right,175.72,104_18_6_2_1_stand.txt
knee_left,176.99,104_18_6_3_1_stand.txt
knee_right,175.88,104_18_6_3_1_stand.txt
knee_left,177.18,104_18_6_4_1_stand.txt
knee_right,176.24,104_18_6_4_1_stand.txt
knee_left,177.3,104_18_6_5_1_stand.txt
knee_right,176.27,104_18_6_5_1_stand.txt
knee_left,175.91,104_18_6_6_1_stand.txt
knee_right,176.34,104_18_6_6_1_stand.txt
knee_left,174.24,104_18_7_1_1_stand.txt
knee_right,176.11,104_18_7_1_1_stand.txt
knee_left,171.55,104_18_7_2_1_stand.txt
knee_right,174.33,104_18_7_2_1_stand.txt
knee_left,170.26,104_18_7_3_1_stand.txt
knee_right,174.97,104_18_7_3_1_stand.txt
knee_left,170.45,104_18_7_4_1_stand.txt
knee_right,175.93,104_18_7_4_1_stand.txt
knee_left,171.02,104_18_7_5_1_stand.txt
knee_right,176.01,104_18_7_5_1_stand.txt
knee_left,170.59,104_18_7_6_1_stand.txt
knee_right,175.87,104_18_7_6_1_stand.txt
knee_left,172.44,104_18_8_1_1_stand.txt
knee_right,177.34,104_18_8_1_1_stand.txt
knee_left,172.42,104_18_8_2_1_stand.txt
knee_right,177.32,104_18_8_2_1_stand.txt
knee_left,171.74,104_18_8_3_1_stand.txt
knee_right,176.64,104_18_8_3_1_stand.txt
knee_left,171.12,104_18_8_4_1_stand.txt
knee_right,176.22,104_18_8_4_1_stand.txt
knee_left,170.29,104_18_8_5_1_stand.txt
knee_right,177.01,104_18_8_5_1_stand.txt
knee_left,172.6,104_18_8_6_1_stand.txt
knee_right,177.21,104_18_8_6_1_stand.txt
knee_left,173.39,105_18_0_12_2_stand.txt
knee_right,177.78,105_18_0_12_2_stand.txt
knee_left,175.11,105_18_0_1_2_stand.txt
knee_right,177.83,105_18_0_1_2_stand.txt
knee_left,172.62,105_18_0_2_1_stand.txt
knee_right,178.88,105_18_0_2_1_stand.txt
knee_left,172.33,105_18_0_3_1_stand.txt
knee_right,178.77,105_18_0_3_1_stand.txt
knee_left,172.12,105_18_0_4_1_stand.txt
knee_right,178.57,105_18_0_4_1_stand.txt
knee_left,173.07,105_18_0_5_1_stand.txt
knee_right,178.34,105_18_0_5_1_stand.txt
elbow_right,174.74,105_18_1_1_1_stand.txt
knee_left,174.43,105_18_1_1_1_stand.txt
knee_right,178.68,105_18_1_1_1_stand.txt
elbow_right,175.84,105_18_1_2_1_stand.txt
knee_left,174.78,105_18_1_2_1_stand.txt
knee_right,178.24,105_18_1_2_1_stand.txt
elbow_right,175.5,105_18_1_3_1_stand.txt
knee_left,174.74,105_18_1_3_1_stand.txt
knee_right,176.84,105_18_1_3_1_stand.txt
elbow_right,175.37,105_18_1_4_1_stand.txt
knee_left,175.57,105_18_1_4_1_stand.txt
knee_right,177.5,105_18_1_4_1_stand.txt
elbow_right,175.07,105_18_1_5_1_stand.txt
knee_left,174.47,105_18_1_5_1_stand.txt
knee_right,178.33,105_18_1_5_1_stand.txt
elbow_right,174.93,105_18_1_6_1_stand.txt
knee_left,174.31,105_18_1_6_1_stand.txt
knee_right,178.61,105_18_1_6_1_stand.txt
knee_left,172.08,105_18_2_1_1_stand.txt
knee_right,175.85,105_18_2_1_1_stand.txt
knee_left,173.21,105_18_2_2_1_stand.txt
knee_right,175.99,105_18_2_2_1_stand.txt
knee_left,174.47,105_18_2_3_1_stand.txt
knee_right,176.45,105_18_2_3_1_stand.txt
knee_left,173.85,105_18_2_4_1_stand.txt
knee_right,177.24,105_18_2_4_1_stand.txt
knee_left,173.76,105_18_2_5_1_stand.txt
knee_right,176.1,105_18_2_5_1_stand.txt
knee_left,173.77,105_18_2_6_1_stand.txt
knee_right,176.66,105_18_2_6_1_stand.txt
knee_left,174.0,105_18_3_1_1_stand.txt
knee_right,176.39,105_18_3_1_1_stand.txt
elbow_right,174.07,105_18_3_2_1_stand.txt
knee_left,175.25,105_18_3_2_1_stand.txt
knee_right,177.17,105_18_3_2_1_stand.txt
knee_left,175.06,105_18_3_3_1_stand.txt
knee_right,177.73,105_18_3_3_1_stand.txt
knee_left,174.81,105_18_3_4_1_stand.txt
knee_right,177.38,105_18_3_4_1_stand.txt
knee_left,174.95,105_18_3_5_1_stand.txt
knee_right,176.23,105_18_3_5_1_stand.txt
knee_left,175.43,105_18_3_6_1_stand.txt
knee_right,177.51,105_18_3_6_1_stand.txt
knee_left,175.06,105_18_3_7_1_stand.txt
knee_right,176.56,105_18_3_7_1_stand.txt
knee_left,175.9,105_18_3_8_1_stand.txt
knee_right,176.91,105_18_3_8_1_stand.txt
knee_left,174.02,105_18_4_1_1_stand.txt
knee_right,175.63,105_18_4_1_1_stand.txt
knee_left,172.32,105_18_4_2_1_stand.txt
knee_right,175.71,105_18_4_2_1_stand.txt
knee_left,172.27,105_18_4_3_1_stand.txt
knee_right,175.89,105_18_4_3_1_stand.txt
knee_left,172.33,105_18_4_4_1_stand.txt
knee_right,176.3,105_18_4_4_1_stand.txt
knee_left,173.19,105_18_4_5_1_stand.txt
knee_right,176.35,105_18_4_5_1_stand.txt
knee_left,173.58,105_18_4_6_1_stand.txt
knee_right,176.33,105_18_4_6_1_stand.txt
elbow_right,174.97,105_18_5_1_1_stand.txt
knee_left,172.48,105_18_5_1_1_stand.txt
knee_right,177.53,105_18_5_1_1_stand.txt
elbow_right,175.26,105_18_5_2_1_stand.txt
knee_left,173.37,105_18_5_2_1_stand.txt
knee_right,177.85,105_18_5_2_1_stand.txt
knee_left,173.69,105_18_5_3_1_stand.txt
knee_right,177.9,105_18_5_3_1_stand.txt
knee_left,172.79,105_18_5_4_1_stand.txt
knee_right,177.15,105_18_5_4_1_stand.txt
knee_left,172.58,105_18_5_5_1_stand.txt
knee_right,176.45,105_18_5_5_1_stand.txt
knee_left,173.23,105_18_5_6_1_stand.txt
knee_right,177.08,105_18_5_6_1_stand.txt
knee_left,176.03,105_18_6_1_1_stand.txt
knee_right,178.03,105_18_6_1_1_stand.txt
knee_left,176.38,105_18_6_2_1_stand.txt
knee_right,179.07,105_18_6_2_1_stand.txt
knee_left,176.61,105_18_6_3_1_stand.txt
knee_right,177.95,105_18_6_3_1_stand.txt
knee_left,176.43,105_18_6_4_1_stand.txt
knee_right,177.47,105_18_6_4_1_stand.txt
knee_left,177.32,105_18_6_5_1_stand.txt
knee_right,178.38,105_18_6_5_1_stand.txt
knee_left,176.73,105_18_6_6_1_stand.txt
knee_right,177.82,105_18_6_6_1_stand.txt
knee_left,177.1,105_18_6_7_1_stand.txt
knee_right,178.45,105_18_6_7_1_stand.txt
knee_left,176.53,105_18_6_8_1_stand.txt
knee_right,178.4,105_18_6_8_1_stand.txt
knee_left,176.43,105_18_6_9_1_stand.txt
knee_right,177.78,105_18_6_9_1_stand.txt
hip_right,145.33,105_18_7_11_1_chair.txt
hip_right,146.47,105_18_7_12_1_chair.txt
hip_right,152.42,105_18_7_13_1_chair.txt
knee_left,167.68,105_18_7_1_1_stand.txt
knee_right,175.38,105_18_7_1_1_stand.txt
knee_left,170.58,105_18_7_2_1_stand.txt
knee_right,173.98,105_18_7_2_1_stand.txt
knee_left,170.97,105_18_7_3_1_stand.txt
knee_right,176.22,105_18_7_3_1_stand.txt
knee_left,171.04,105_18_7_4_1_stand.txt
knee_right,173.54,105_18_7_4_1_stand.txt
knee_left,169.74,105_18_7_5_1_stand.txt
knee_right,173.45,105_18_7_5_1_stand.txt
knee_left,171.97,105_18_7_6_1_stand.txt
knee_right,174.84,105_18_7_6_1_stand.txt
hip_right,146.96,105_18_7_8_1_chair.txt
hip_left,146.18,105_18_8_10_1_chair.txt
hip_left,147.64,105_18_8_12_1_chair.txt
knee_left,170.61,105_18_8_1_1_stand.txt
knee_right,171.17,105_18_8_1_1_stand.txt
knee_left,172.29,105_18_8_2_1_stand.txt
knee_right,175.36,105_18_8_2_1_stand.txt
knee_left,169.51,105_18_8_3_1_stand.txt
knee_right,175.01,105_18_8_3_1_stand.txt
knee_left,170.77,105_18_8_4_1_stand.txt
knee_right,176.17,105_18_8_4_1_stand.txt
knee_left,170.51,105_18_8_5_1_stand.txt
knee_right,174.56,105_18_8_5_1_stand.txt
knee_left,170.49,105_18_8_6_1_stand.txt
knee_right,176.73,105_18_8_6_1_stand.txt
knee_left,172.56,106_18_0_1_1_stand.txt
knee_right,174.34,106_18_0_1_1_stand.txt
knee_left,173.08,106_18_0_2_1_stand.txt
knee_right,173.43,106_18_0_2_1_stand.txt
knee_left,173.15,106_18_0_3_1_stand.txt
knee_right,173.78,106_18_0_3_1_stand.txt
knee_left,173.15,106_18_0_4_1_stand.txt
knee_right,173.88,106_18_0_4_1_stand.txt
knee_left,173.49,106_18_0_5_1_stand.txt
knee_right,173.56,106_18_0_5_1_stand.txt
knee_left,174.17,106_18_1_1_1_stand.txt
knee_right,173.27,106_18_1_1_1_stand.txt
knee_left,173.86,106_18_1_2_1_stand.txt
knee_right,174.0,106_18_1_2_1_stand.txt
knee_left,173.6,106_18_1_3_1_stand.txt
knee_right,173.62,106_18_1_3_1_stand.txt
knee_left,174.08,106_18_1_4_1_stand.txt
knee_right,173.36,106_18_1_4_1_stand.txt
knee_left,174.23,106_18_1_5_1_stand.txt
knee_right,173.13,106_18_1_5_1_stand.txt
knee_left,174.27,106_18_1_6_1_stand.txt
knee_right,172.93,106_18_1_6_1_stand.txt
knee_left,174.96,106_18_2_1_1_stand.txt
knee_right,176.49,106_18_2_1_1_stand.txt
knee_left,174.41,106_18_2_2_1_stand.txt
knee_right,176.39,106_18_2_2_1_stand.txt
knee_left,175.05,106_18_2_3_1_stand.txt
knee_right,176.74,106_18_2_3_1_stand.txt
knee_left,174.58,106_18_2_4_1_stand.txt
knee_right,176.71,106_18_2_4_1_stand.txt
knee_left,174.35,106_18_2_5_1_stand.txt
knee_right,176.1,106_18_2_5_1_stand.txt
knee_left,174.58,106_18_2_6_1_stand.txt
knee_right,176.56,106_18_2_6_1_stand.txt
knee_left,176.58,106_18_3_1_1_stand.txt
knee_right,173.81,106_18_3_1_1_stand.txt
knee_left,177.15,106_18_3_2_1_stand.txt
knee_right,172.97,106_18_3_2_1_stand.txt
knee_left,176.8,106_18_3_3_1_stand.txt
knee_right,174.04,106_18_3_3_1_stand.txt
knee_left,177.27,106_18_3_4_1_stand.txt
knee_right,173.84,106_18_3_4_1_stand.txt
knee_left,176.97,106_18_3_5_1_stand.txt
knee_right,173.78,106_18_3_5_1_stand.txt
knee_left,176.97,106_18_3_6_1_stand.txt
knee_right,174.08,106_18_3_6_1_stand.txt
knee_left,173.56,106_18_4_1_1_stand.txt
knee_right,174.58,106_18_4_1_1_stand.txt
knee_left,173.03,106_18_4_2_1_stand.txt
knee_right,175.6,106_18_4_2_1_stand.txt
knee_left,173.35,106_18_4_3_1_stand.txt
knee_right,175.92,106_18_4_3_1_stand.txt
knee_left,173.54,106_18_4_4_1_stand.txt
knee_right,176.08,106_18_4_4_1_stand.txt
knee_left,174.22,106_18_4_5_1_stand.txt
knee_right,176.25,106_18_4_5_1_stand.txt
knee_left,173.53,106_18_4_6_1_stand.txt
knee_right,175.93,106_18_4_6_1_stand.txt
knee_left,176.1,106_18_5_1_1_stand.txt
knee_right,174.41,106_18_5_1_1_stand.txt
knee_left,176.38,106_18_5_2_1_stand.txt
knee_right,174.37,106_18_5_2_1_stand.txt
knee_left,176.6,106_18_5_3_1_stand.txt
knee_right,174.03,106_18_5_3_1_stand.txt
knee_left,176.95,106_18_5_4_1_stand.txt
knee_right,174.05,106_18_5_4_1_stand.txt
knee_left,176.54,106_18_5_5_1_stand.txt
knee_right,174.13,106_18_5_5_1_stand.txt
knee_left,176.57,106_18_5_6_1_stand.txt
knee_right,174.54,106_18_5_6_1_stand.txt
knee_left,176.23,106_18_6_1_1_stand.txt
knee_right,176.07,106_18_6_1_1_stand.txt
knee_left,176.11,106_18_6_2_1_stand.txt
knee_right,176.06,106_18_6_2_1_stand.txt
knee_left,176.8,106_18_6_3_1_stand.txt
knee_right,176.47,106_18_6_3_1_stand.txt
knee_left,176.38,106_18_6_4_1_stand.txt
knee_right,176.17,106_18_6_4_1_stand.txt
knee_left,176.59,106_18_6_5_1_stand.txt
knee_right,176.44,106_18_6_5_1_stand.txt
knee_left,176.28,106_18_6_6_1_stand.txt
knee_right,176.66,106_18_6_6_1_stand.txt
knee_left,173.21,106_18_7_1_1_stand.txt
knee_right,170.49,106_18_7_1_1_stand.txt
knee_left,174.9,106_18_7_2_1_stand.txt
knee_right,172.72,106_18_7_2_1_stand.txt
knee_left,176.41,106_18_7_3_1_stand.txt
knee_right,174.9,106_18_7_3_1_stand.txt
knee_left,174.58,106_18_7_4_1_stand.txt
knee_right,175.05,106_18_7_4_1_stand.txt
knee_left,174.6,106_18_7_5_1_stand.txt
knee_right,174.71,106_18_7_5_1_stand.txt
knee_left,175.88,106_18_7_6_1_stand.txt
knee_right,172.98,106_18_7_6_1_stand.txt
knee_left,174.68,106_18_8_1_1_stand.txt
knee_right,174.13,106_18_8_1_1_stand.txt
knee_left,173.67,106_18_8_2_1_stand.txt
knee_right,175.94,106_18_8_2_1_stand.txt
knee_left,172.36,106_18_8_3_1_stand.txt
knee_right,176.19,106_18_8_3_1_stand.txt
knee_left,174.03,106_18_8_4_1_stand.txt
knee_right,173.58,106_18_8_4_1_stand.txt
knee_left,173.31,106_18_8_5_1_stand.txt
knee_right,170.51,106_18_8_5_1_stand.txt
knee_left,173.94,106_18_8_6_1_stand.txt
knee_right,169.15,106_18_8_6_1_stand.txt
knee_left,174.33,107_18_0_1_1_stand.txt
knee_right,174.67,107_18_0_1_1_stand.txt
knee_left,174.28,107_18_0_2_1_stand.txt
knee_right,174.24,107_18_0_2_1_stand.txt
knee_left,174.32,107_18_0_3_1_stand.txt
knee_right,174.5,107_18_0_3_1_stand.txt
knee_left,174.67,107_18_0_4_1_stand.txt
knee_right,174.62,107_18_0_4_1_stand.txt
knee_left,174.81,107_18_0_5_1_stand.txt
knee_right,174.3,107_18_0_5_1_stand.txt
knee_left,174.13,107_18_0_6_1_stand.txt
knee_right,174.75,107_18_0_6_1_stand.txt
knee_left,173.73,107_18_1_1_1_stand.txt
knee_right,174.46,107_18_1_1_1_stand.txt
knee_left,174.36,107_18_1_2_1_stand.txt
knee_right,175.09,107_18_1_2_1_stand.txt
knee_left,173.88,107_18_1_3_1_stand.txt
knee_right,174.79,107_18_1_3_1_stand.txt
knee_left,173.79,107_18_1_4_1_stand.txt
knee_right,174.95,107_18_1_4_1_stand.txt
knee_left,173.94,107_18_1_5_1_stand.txt
knee_right,175.11,107_18_1_5_1_stand.txt
knee_left,173.88,107_18_1_6_1_stand.txt
knee_right,174.96,107_18_1_6_1_stand.txt
knee_left,173.62,107_18_2_1_1_stand.txt
knee_right,174.83,107_18_2_1_1_stand.txt
knee_left,172.94,107_18_2_2_1_stand.txt
knee_right,174.48,107_18_2_2_1_stand.txt
knee_left,172.53,107_18_2_3_1_stand.txt
knee_right,174.05,107_18_2_3_1_stand.txt
knee_left,172.48,107_18_2_4_1_stand.txt
knee_right,174.46,107_18_2_4_1_stand.txt
knee_left,172.48,107_18_2_5_1_stand.txt
knee_right,173.63,107_18_2_5_1_stand.txt
knee_left,172.2,107_18_2_6_1_stand.txt
knee_right,173.94,107_18_2_6_1_stand.txt
knee_left,173.93,107_18_3_1_1_stand.txt
knee_right,172.85,107_18_3_1_1_stand.txt
knee_left,173.8,107_18_3_2_1_stand.txt
knee_right,173.18,107_18_3_2_1_stand.txt
knee_left,173.79,107_18_3_3_1_stand.txt
knee_right,173.83,107_18_3_3_1_stand.txt
knee_left,174.41,107_18_3_4_1_stand.txt
knee_right,174.5,107_18_3_4_1_stand.txt
knee_left,174.91,107_18_3_5_1_stand.txt
knee_right,174.51,107_18_3_5_1_stand.txt
knee_left,174.76,107_18_3_6_1_stand.txt
knee_right,173.89,107_18_3_6_1_stand.txt
knee_left,173.4,107_18_4_1_1_stand.txt
knee_right,176.54,107_18_4_1_1_stand.txt
knee_left,172.57,107_18_4_2_1_stand.txt
knee_right,176.8,107_18_4_2_1_stand.txt
knee_left,171.72,107_18_4_3_1_stand.txt
knee_right,176.49,107_18_4_3_1_stand.txt
knee_left,171.08,107_18_4_4_1_stand.txt
knee_right,176.72,107_18_4_4_1_stand.txt
knee_left,171.74,107_18_4_5_1_stand.txt
knee_right,177.1,107_18_4_5_1_stand.txt
knee_left,171.84,107_18_4_6_1_stand.txt
knee_right,177.14,107_18_4_6_1_stand.txt
knee_left,175.44,107_18_5_1_1_stand.txt
knee_right,174.31,107_18_5_1_1_stand.txt
knee_left,175.64,107_18_5_2_1_stand.txt
knee_right,173.29,107_18_5_2_1_stand.txt
knee_left,175.69,107_18_5_3_1_stand.txt
knee_right,172.87,107_18_5_3_1_stand.txt
knee_left,175.72,107_18_5_4_1_stand.txt
knee_right,172.36,107_18_5_4_1_stand.txt
knee_left,175.67,107_18_5_5_1_stand.txt
knee_right,172.45,107_18_5_5_1_stand.txt
knee_left,176.12,107_18_5_6_1_stand.txt
knee_right,173.03,107_18_5_6_1_stand.txt
knee_left,174.58,107_18_6_1_1_stand.txt
knee_right,176.06,107_18_6_1_1_stand.txt
knee_left,174.81,107_18_6_2_1_stand.txt
knee_right,175.57,107_18_6_2_1_stand.txt
knee_left,175.76,107_18_6_3_1_stand.txt
knee_right,175.99,107_18_6_3_1_stand.txt
knee_left,175.38,107_18_6_4_1_stand.txt
knee_right,176.36,107_18_6_4_1_stand.txt
knee_left,175.44,107_18_6_5_1_stand.txt
knee_right,176.19,107_18_6_5_1_stand.txt
knee_left,176.45,107_18_6_6_1_stand.txt
knee_right,177.06,107_18_6_6_1_stand.txt
knee_left,170.78,107_18_7_1_1_stand.txt
knee_right,172.48,107_18_7_1_1_stand.txt
knee_left,168.15,107_18_7_2_1_stand.txt
knee_right,162.11,107_18_7_2_1_stand.txt
knee_left,167.03,107_18_7_3_1_stand.txt
knee_left,167.65,107_18_7_4_1_stand.txt
knee_left,165.62,107_18_7_5_1_stand.txt
knee_left,168.07,107_18_7_6_1_stand.txt
knee_right,167.36,107_18_7_6_1_stand.txt
hip_left,147.8,107_18_8_11_1_chair.txt
hip_left,147.37,107_18_8_12_1_chair.txt
hip_left,152.32,107_18_8_13_1_chair.txt
knee_left,168.15,107_18_8_1_1_stand.txt
knee_right,173.91,107_18_8_1_1_stand.txt
knee_left,166.16,107_18_8_2_1_stand.txt
knee_right,174.93,107_18_8_2_1_stand.txt
knee_left,165.16,107_18_8_3_1_stand.txt
knee_right,173.64,107_18_8_3_1_stand.txt
knee_left,162.6,107_18_8_4_1_stand.txt
knee_right,171.26,107_18_8_4_1_stand.txt
knee_right,172.47,107_18_8_5_1_stand.txt
knee_left,162.26,107_18_8_6_1_stand.txt
knee_right,172.28,107_18_8_6_1_stand.txt
knee_left,164.58,107_18_8_7_1_stand.txt
knee_right,172.39,107_18_8_7_1_stand.txt
hip_left,145.59,107_18_8_8_1_chair.txt
hip_left,144.97,107_18_8_9_1_chair.txt
elbow_right,174.78,202_18_4_17_1_stand.txt
elbow_right,174.64,202_18_4_23_2_stand.txt
elbow_right,174.14,202_18_4_29_2_stand.txt
elbow_right,174.15,202_18_4_31_2_stand.txt
elbow_right,176.73,202_18_4_32_2_stand.txt
elbow_right,175.41,202_18_4_33_1_stand.txt
elbow_right,175.5,202_18_4_35_1_stand.txt
elbow_right,174.54,202_18_4_36_1_stand.txt
knee_left,164.74,202_18_7_20_1_stand.txt
knee_left,164.25,202_18_8_11_1_stand.txt
knee_left,162.94,202_18_8_26_1_stand.txt
knee_left,162.39,202_18_8_36_1_stand.txt
knee_left,163.56,202_18_8_8_1_stand.txt
knee_left,169.04,205_18_0_1_1_stand.txt
knee_right,171.95,205_18_0_1_1_stand.txt
knee_left,170.79,205_18_0_2_1_stand.txt
knee_right,170.5,205_18_0_2_1_stand.txt
knee_left,170.7,205_18_0_3_1_stand.txt
knee_right,170.33,205_18_0_3_1_stand.txt
knee_left,172.52,205_18_1_10_1_stand.txt
knee_right,169.51,205_18_1_10_1_stand.txt
knee_left,172.26,205_18_1_11_1_stand.txt
knee_right,169.95,205_18_1_11_1_stand.txt
knee_left,171.72,205_18_1_12_1_stand.txt
knee_right,169.35,205_18_1_12_1_stand.txt
knee_left,172.37,205_18_1_13_1_stand.txt
knee_right,169.55,205_18_1_13_1_stand.txt
knee_left,171.69,205_18_1_14_1_stand.txt
knee_right,169.36,205_18_1_14_1_stand.txt
knee_left,171.98,205_18_1_15_1_stand.txt
knee_right,169.34,205_18_1_15_1_stand.txt
knee_left,173.31,205_18_1_16_2_stand.txt
knee_right,169.49,205_18_1_16_2_stand.txt
knee_left,172.62,205_18_1_17_2_stand.txt
knee_right,169.63,205_18_1_17_2_stand.txt
knee_left,171.75,205_18_1_1_1_stand.txt
knee_right,170.31,205_18_1_1_1_stand.txt
knee_left,171.6,205_18_1_2_1_stand.txt
knee_right,170.13,205_18_1_2_1_stand.txt
knee_left,171.24,205_18_1_3_1_stand.txt
knee_right,169.8,205_18_1_3_1_stand.txt
knee_left,171.69,205_18_1_4_1_stand.txt
knee_right,169.84,205_18_1_4_1_stand.txt
knee_left,171.64,205_18_1_5_1_stand.txt
knee_right,169.07,205_18_1_5_1_stand.txt
knee_left,171.48,205_18_1_6_1_stand.txt
knee_right,170.36,205_18_1_6_1_stand.txt
knee_left,171.63,205_18_1_7_1_stand.txt
knee_right,170.0,205_18_1_7_1_stand.txt
knee_left,172.67,205_18_1_8_1_stand.txt
knee_right,169.44,205_18_1_8_1_stand.txt
knee_left,171.79,205_18_1_9_1_stand.txt
knee_right,169.15,205_18_1_9_1_stand.txt
knee_left,173.88,205_18_5_1_1_stand.txt
knee_right,171.98,205_18_5_1_1_stand.txt
knee_left,174.63,206_18_0_10_1_stand.txt
knee_right,175.21,206_18_0_10_1_stand.txt
knee_left,174.46,206_18_0_11_1_stand.txt
knee_right,173.86,206_18_0_11_1_stand.txt
knee_left,174.21,206_18_0_6_1_stand.txt
knee_right,175.12,206_18_0_6_1_stand.txt
knee_left,173.43,206_18_0_7_1_stand.txt
knee_right,175.38,206_18_0_7_1_stand.txt
knee_left,174.05,206_18_0_8_1_stand.txt
knee_right,174.54,206_18_0_8_1_stand.txt
knee_left,174.22,206_18_0_9_1_stand.txt
knee_right,174.91,206_18_0_9_1_stand.txt
knee_left,174.35,206_18_1_10_2_stand.txt
knee_right,174.42,206_18_1_10_2_stand.txt
knee_left,173.57,206_18_1_11_2_stand.txt
knee_right,174.33,206_18_1_11_2_stand.txt
knee_left,173.38,206_18_1_12_2_stand.txt
knee_right,173.8,206_18_1_12_2_stand.txt
knee_left,173.2,206_18_1_7_1_stand.txt
knee_right,174.26,206_18_1_7_1_stand.txt
knee_left,173.57,206_18_1_8_1_stand.txt
knee_right,173.54,206_18_1_8_1_stand.txt
knee_left,174.62,206_18_1_9_2_stand.txt
knee_right,173.42,206_18_1_9_2_stand.txt
knee_left,167.84,206_18_2_10_1_stand.txt
knee_right,175.64,206_18_2_10_1_stand.txt
knee_left,168.91,206_18_2_11_1_stand.txt
knee_right,175.44,206_18_2_11_1_stand.txt
knee_left,169.96,206_18_2_12_1_stand.txt
knee_right,174.29,206_18_2_12_1_stand.txt
knee_left,170.44,206_18_2_13_1_stand.txt
knee_right,175.7,206_18_2_13_1_stand.txt
knee_left,172.71,206_18_2_16_2_stand.txt
knee_right,175.52,206_18_2_16_2_stand.txt
knee_left,172.87,206_18_2_17_2_stand.txt
knee_right,175.62,206_18_2_17_2_stand.txt
elbow_right,175.07,206_18_2_3_1_chair.txt
elbow_right,174.77,206_18_2_4_1_chair.txt
elbow_right,174.63,206_18_2_5_1_chair.txt
elbow_right,174.29,206_18_2_6_1_chair.txt
elbow_right,174.64,206_18_2_7_1_chair.txt
knee_left,172.98,206_18_2_8_1_stand.txt
knee_right,175.27,206_18_2_8_1_stand.txt
knee_left,167.52,206_18_2_9_1_stand.txt
knee_right,173.48,206_18_2_9_1_stand.txt
knee_left,175.41,206_18_3_10_2_stand.txt
knee_right,175.34,206_18_3_10_2_stand.txt
knee_left,175.54,206_18_3_11_2_stand.txt
knee_right,175.46,206_18_3_11_2_stand.txt
knee_left,172.56,206_18_3_12_2_stand.txt
knee_right,174.26,206_18_3_12_2_stand.txt
knee_left,168.4,206_18_3_13_2_stand.txt
knee_right,172.29,206_18_3_13_2_stand.txt
knee_left,174.96,206_18_3_9_2_stand.txt
knee_right,175.33,206_18_3_9_2_stand.txt
knee_left,174.17,206_18_4_10_1_stand.txt
knee_right,175.63,206_18_4_10_1_stand.txt
knee_left,173.91,206_18_4_11_1_stand.txt
knee_right,173.89,206_18_4_11_1_stand.txt
elbow_right,174.74,206_18_4_4_1_chair.txt
elbow_right,174.74,206_18_4_5_1_chair.txt
elbow_right,175.03,206_18_4_6_1_chair.txt
knee_left,173.58,206_18_4_9_1_stand.txt
knee_right,174.97,206_18_4_9_1_stand.txt
knee_left,173.64,206_18_5_6_2_stand.txt
knee_right,175.37,206_18_5_6_2_stand.txt
knee_left,174.26,206_18_5_7_2_stand.txt
knee_right,175.13,206_18_5_7_2_stand.txt
knee_left,173.98,206_18_5_8_2_stand.txt
knee_right,174.48,206_18_5_8_2_stand.txt
knee_left,173.96,206_18_5_9_2_stand.txt
knee_right,174.26,206_18_5_9_2_stand.txt
knee_left,169.5,206_18_6_10_1_stand.txt
knee_right,173.16,206_18_6_10_1_stand.txt
knee_left,169.68,206_18_6_11_1_stand.txt
knee_right,172.56,206_18_6_11_1_stand.txt
knee_left,170.06,206_18_6_14_2_stand.txt
knee_right,173.67,206_18_6_14_2_stand.txt
knee_left,166.65,206_18_6_8_1_stand.txt
knee_right,174.69,206_18_6_8_1_stand.txt
knee_left,169.09,206_18_6_9_1_stand.txt
knee_right,173.71,206_18_6_9_1_stand.txt
knee_left,168.7,206_18_7_15_1_stand.txt
knee_right,170.33,206_18_7_15_1_stand.txt
knee_left,170.2,206_18_7_16_1_stand.txt
knee_right,163.08,206_18_7_16_1_stand.txt
knee_left,172.71,206_18_7_17_1_stand.txt
knee_right,164.47,206_18_7_17_1_stand.txt
knee_left,168.79,206_18_7_18_1_stand.txt
knee_left,169.6,206_18_7_19_1_stand.txt
knee_right,165.66,206_18_7_19_1_stand.txt
knee_left,167.89,206_18_7_20_1_stand.txt
knee_right,162.39,206_18_7_20_1_stand.txt
knee_left,169.44,206_18_7_21_1_stand.txt
knee_left,168.19,206_18_7_22_1_stand.txt
knee_right,165.93,206_18_7_22_1_stand.txt
knee_left,169.39,206_18_7_25_2_stand.txt
knee_right,164.73,206_18_7_25_2_stand.txt
knee_left,173.97,206_18_8_10_2_stand.txt
knee_right,173.55,206_18_8_10_2_stand.txt
knee_left,173.09,206_18_8_1_1_stand.txt
knee_right,172.02,206_18_8_1_1_stand.txt
knee_left,173.86,206_18_8_2_1_stand.txt
knee_right,169.43,206_18_8_2_1_stand.txt
knee_left,172.91,206_18_8_3_1_stand.txt
knee_right,168.91,206_18_8_3_1_stand.txt
knee_left,173.2,206_18_8_4_1_stand.txt
knee_right,167.73,206_18_8_4_1_stand.txt
knee_left,173.25,206_18_8_5_1_stand.txt
knee_right,172.86,206_18_8_5_1_stand.txt
knee_left,173.32,206_18_8_6_1_stand.txt
knee_right,171.15,206_18_8_6_1_stand.txt
knee_left,174.07,206_18_8_7_1_stand.txt
knee_right,171.62,206_18_8_7_1_stand.txt
knee_left,173.56,206_18_8_8_2_stand.txt
knee_right,174.63,206_18_8_8_2_stand.txt
knee_left,174.26,206_18_8_9_2_stand.txt
knee_right,176.19,206_18_8_9_2_stand.txt
knee_left,176.06,207_18_0_11_2_stand.txt
knee_right,172.49,207_18_0_11_2_stand.txt
knee_left,174.9,207_18_0_12_2_stand.txt
knee_right,171.9,207_18_0_12_2_stand.txt
knee_left,175.13,207_18_0_13_2_stand.txt
knee_right,170.85,207_18_0_13_2_stand.txt
knee_left,175.57,207_18_0_14_2_stand.txt
knee_right,172.7,207_18_0_14_2_stand.txt
knee_left,176.61,207_18_0_15_2_stand.txt
knee_right,172.84,207_18_0_15_2_stand.txt
knee_left,176.69,207_18_0_16_2_stand.txt
knee_right,172.32,207_18_0_16_2_stand.txt
knee_left,176.29,207_18_0_17_2_stand.txt
knee_right,171.4,207_18_0_17_2_stand.txt
knee_left,176.75,207_18_0_1_2_stand.txt
knee_right,172.78,207_18_0_1_2_stand.txt
knee_left,176.87,207_18_0_2_2_stand.txt
knee_right,172.67,207_18_0_2_2_stand.txt
knee_left,176.61,207_18_0_3_2_stand.txt
knee_right,172.89,207_18_0_3_2_stand.txt
knee_left,176.94,207_18_0_4_2_stand.txt
knee_right,172.06,207_18_0_4_2_stand.txt
knee_left,176.35,207_18_1_10_1_stand.txt
knee_right,174.77,207_18_1_10_1_stand.txt
knee_left,175.48,207_18_1_11_2_stand.txt
knee_right,174.51,207_18_1_11_2_stand.txt
knee_left,174.46,207_18_1_12_2_stand.txt
knee_right,174.14,207_18_1_12_2_stand.txt
knee_left,174.89,207_18_1_13_2_stand.txt
knee_right,174.44,207_18_1_13_2_stand.txt
knee_left,174.68,207_18_1_14_2_stand.txt
knee_right,174.14,207_18_1_14_2_stand.txt
knee_left,174.73,207_18_1_15_2_stand.txt
knee_right,173.85,207_18_1_15_2_stand.txt
knee_left,176.48,207_18_1_1_1_stand.txt
knee_right,173.91,207_18_1_1_1_stand.txt
knee_left,174.22,207_18_1_2_2_stand.txt
knee_right,174.07,207_18_1_2_2_stand.txt
knee_left,174.08,207_18_1_3_2_stand.txt
knee_right,174.03,207_18_1_3_2_stand.txt
knee_left,174.62,207_18_1_4_2_stand.txt
knee_right,173.65,207_18_1_4_2_stand.txt
knee_left,174.41,207_18_1_5_2_stand.txt
knee_right,173.63,207_18_1_5_2_stand.txt
knee_left,174.79,207_18_1_6_2_stand.txt
knee_right,173.49,207_18_1_6_2_stand.txt
knee_left,174.08,207_18_1_7_2_stand.txt
knee_right,173.45,207_18_1_7_2_stand.txt
knee_left,174.49,207_18_1_8_2_stand.txt
knee_right,173.57,207_18_1_8_2_stand.txt
knee_left,176.34,207_18_1_9_1_stand.txt
knee_right,173.8,207_18_1_9_1_stand.txt
hip_right,144.04,207_18_3_12_2_stand.txt
knee_left,176.61,207_18_3_16_2_stand.txt
knee_right,174.84,207_18_3_16_2_stand.txt
knee_left,176.01,207_18_3_1_2_stand.txt
knee_right,174.3,207_18_3_1_2_stand.txt
knee_left,164.16,207_18_3_9_2_stand.txt
hip_right,148.76,207_18_3_9_2_stand.txt
hip_left,148.76,207_18_6_17_2_stand.txt
hip_left,155.61,207_18_6_18_2_stand.txt
hip_left,157.51,207_18_6_20_2_stand.txt
hip_left,145.69,207_18_6_7_2_stand.txt
knee_left,176.64,207_18_7_1_2_stand.txt
knee_right,174.54,207_18_7_1_2_stand.txt
knee_left,177.09,207_18_7_2_2_stand.txt
knee_right,174.17,207_18_7_2_2_stand.txt
knee_left,177.24,207_18_7_3_2_stand.txt
knee_right,173.04,207_18_7_3_2_stand.txt
knee_left,177.86,207_18_7_4_2_stand.txt
knee_right,175.76,207_18_7_4_2_stand.txt
knee_left,178.27,207_18_7_5_2_stand.txt
knee_right,176.51,207_18_7_5_2_stand.txt
knee_left,177.07,207_18_7_6_2_stand.txt
knee_right,176.31,207_18_7_6_2_stand.txt
knee_left,177.29,207_18_7_7_2_stand.txt
knee_right,173.65,207_18_7_7_2_stand.txt
knee_left,177.13,207_18_7_8_2_stand.txt
knee_right,175.98,207_18_7_8_2_stand.txt
knee_left,175.64,207_18_7_9_1_stand.txt
knee_right,169.53,207_18_7_9_1_stand.txt
knee_left,174.19,207_18_8_2_2_stand.txt
knee_right,170.57,207_18_8_2_2_stand.txt
knee_left,172.59,207_18_8_3_2_stand.txt
knee_right,175.57,207_18_8_3_2_stand.txt
knee_left,172.81,207_18_8_4_2_stand.txt
knee_right,172.33,207_18_8_4_2_stand.txt
knee_left,173.0,207_18_8_5_2_stand.txt
knee_right,171.66,207_18_8_5_2_stand.txt
knee_left,171.9,207_18_8_8_2_stand.txt
knee_right,170.01,207_18_8_8_2_stand.txt
hip_left,144.13,209_18_2_2_1_wheelchair.txt
hip_left,148.07,209_18_2_3_2_wheelchair.txt
elbow_left,174.69,209_18_3_1_1_wheelchair.txt
elbow_left,174.4,209_18_3_2_1_wheelchair.txt
elbow_left,174.66,209_18_3_3_1_wheelchair.txt
elbow_left,174.1,209_18_3_4_1_wheelchair.txt
elbow_left,175.53,209_18_5_1_1_wheelchair.txt
elbow_left,174.09,209_18_5_2_1_wheelchair.txt
elbow_left,174.8,209_18_5_3_1_wheelchair.txt
elbow_left,174.15,209_18_5_4_1_wheelchair.txt
knee_left,168.69,211_18_0_1_2_stand.txt
knee_left,168.72,211_18_0_2_2_stand.txt
knee_left,168.62,211_18_0_3_2_stand.txt
knee_left,168.42,211_18_0_4_2_stand.txt
knee_left,169.1,211_18_0_5_2_stand.txt
knee_left,167.9,211_18_1_1_1_stand.txt
knee_left,167.86,211_18_1_2_1_stand.txt
knee_left,167.47,211_18_1_3_1_stand.txt
knee_left,167.71,211_18_1_4_1_stand.txt
knee_left,167.27,211_18_1_5_1_stand.txt
knee_left,170.31,211_18_2_1_2_stand.txt
knee_left,169.91,211_18_2_2_2_stand.txt
knee_left,170.16,211_18_2_3_2_stand.txt
knee_left,169.83,211_18_2_4_2_stand.txt
knee_left,169.72,211_18_2_5_2_stand.txt
knee_left,168.61,211_18_3_1_1_stand.txt
knee_left,167.82,211_18_3_2_1_stand.txt
knee_left,168.46,211_18_3_3_1_stand.txt
knee_left,168.69,211_18_3_4_1_stand.txt
knee_left,168.26,211_18_3_5_1_stand.txt
knee_left,169.76,211_18_4_1_2_stand.txt
knee_left,170.01,211_18_4_2_2_stand.txt
knee_left,169.23,211_18_4_3_2_stand.txt
knee_left,170.22,211_18_4_4_2_stand.txt
knee_left,170.13,211_18_4_5_2_stand.txt
knee_left,168.97,211_18_5_1_1_stand.txt
knee_left,168.64,211_18_5_2_1_stand.txt
knee_left,168.42,211_18_5_3_1_stand.txt
knee_left,168.66,211_18_5_4_1_stand.txt
knee_left,168.45,211_18_5_5_1_stand.txt
knee_left,172.07,211_18_6_1_1_stand.txt
knee_left,171.38,211_18_6_2_1_stand.txt
knee_left,170.77,211_18_6_3_1_stand.txt
knee_left,171.24,211_18_6_4_1_stand.txt
knee_left,166.67,211_18_6_5_3_stand.txt
knee_left,170.06,211_18_6_6_1_stand.txt
knee_left,166.19,211_18_7_1_1_stand.txt
knee_right,170.93,211_18_7_1_1_stand.txt
knee_left,167.0,211_18_7_2_1_stand.txt
knee_right,170.38,211_18_7_2_1_stand.txt
knee_left,166.55,211_18_7_3_1_stand.txt
knee_right,171.32,211_18_7_3_1_stand.txt
knee_left,166.85,211_18_7_4_2_stand.txt
knee_right,170.93,211_18_7_4_2_stand.txt
knee_left,176.04,211_18_7_5_3_stand.txt
knee_right,172.99,211_18_7_5_3_stand.txt
knee_left,175.99,211_18_7_6_3_stand.txt
knee_right,173.64,211_18_7_6_3_stand.txt
knee_left,170.49,211_18_7_7_2_stand.txt
knee_right,173.56,211_18_7_7_2_stand.txt
knee_left,168.16,211_18_7_8_2_stand.txt
knee_right,170.5,211_18_7_8_2_stand.txt
knee_left,166.87,211_18_7_9_2_stand.txt
knee_right,168.58,211_18_7_9_2_stand.txt
knee_left,172.45,211_18_8_1_1_stand.txt
knee_right,166.59,211_18_8_1_1_stand.txt
knee_left,173.0,211_18_8_2_1_stand.txt
knee_right,166.35,211_18_8_2_1_stand.txt
knee_left,172.68,211_18_8_3_1_stand.txt
knee_right,166.31,211_18_8_3_1_stand.txt
knee_left,172.87,211_18_8_4_1_stand.txt
knee_right,167.78,211_18_8_4_1_stand.txt
knee_left,172.58,211_18_8_5_1_stand.txt
knee_right,167.07,211_18_8_5_1_stand.txt
knee_left,173.13,211_18_8_6_1_stand.txt
knee_right,167.14,211_18_8_6_1_stand.txt
knee_left,169.01,213_18_0_1_1_stand.txt
knee_right,173.56,213_18_0_1_1_stand.txt
knee_left,168.77,213_18_0_2_1_stand.txt
knee_right,173.74,213_18_0_2_1_stand.txt
knee_left,170.57,213_18_0_3_1_stand.txt
knee_right,172.34,213_18_0_3_1_stand.txt
knee_left,169.36,213_18_0_4_1_stand.txt
knee_right,171.97,213_18_0_4_1_stand.txt
knee_left,169.48,213_18_0_5_1_stand.txt
knee_right,173.01,213_18_0_5_1_stand.txt
knee_left,169.12,213_18_0_6_1_stand.txt
knee_right,173.27,213_18_0_6_1_stand.txt
knee_left,171.73,213_18_1_1_2_stand.txt
knee_right,171.99,213_18_1_1_2_stand.txt
knee_left,172.78,213_18_1_2_2_stand.txt
knee_right,171.75,213_18_1_2_2_stand.txt
knee_left,172.54,213_18_1_3_1_stand.txt
knee_right,171.54,213_18_1_3_1_stand.txt
knee_left,173.0,213_18_1_4_1_stand.txt
knee_right,172.05,213_18_1_4_1_stand.txt
knee_left,172.87,213_18_1_5_1_stand.txt
knee_right,171.37,213_18_1_5_1_stand.txt
knee_left,173.73,213_18_1_6_2_stand.txt
knee_right,172.47,213_18_1_6_2_stand.txt
knee_left,172.36,213_18_2_1_1_stand.txt
knee_right,177.98,213_18_2_1_1_stand.txt
knee_left,170.17,213_18_2_2_1_stand.txt
knee_right,178.34,213_18_2_2_1_stand.txt
knee_left,169.94,213_18_2_3_1_stand.txt
knee_right,178.56,213_18_2_3_1_stand.txt
knee_left,169.76,213_18_2_4_1_stand.txt
knee_right,178.24,213_18_2_4_1_stand.txt
knee_left,170.29,213_18_2_5_1_stand.txt
knee_right,177.53,213_18_2_5_1_stand.txt
knee_left,169.51,213_18_2_6_1_stand.txt
knee_right,177.91,213_18_2_6_1_stand.txt
knee_left,172.15,213_18_3_1_2_stand.txt
knee_right,174.84,213_18_3_1_2_stand.txt
knee_left,172.9,213_18_3_2_2_stand.txt
knee_right,173.87,213_18_3_2_2_stand.txt
knee_left,173.83,213_18_3_3_2_stand.txt
knee_right,174.75,213_18_3_3_2_stand.txt
knee_left,173.7,213_18_3_4_2_stand.txt
knee_right,174.4,213_18_3_4_2_stand.txt
knee_left,173.63,213_18_3_5_2_stand.txt
knee_right,174.18,213_18_3_5_2_stand.txt
knee_left,173.41,213_18_3_6_2_stand.txt
knee_right,175.05,213_18_3_6_2_stand.txt
knee_left,174.02,213_18_3_7_2_stand.txt
knee_right,174.77,213_18_3_7_2_stand.txt
knee_left,172.57,213_18_4_1_1_stand.txt
knee_right,177.31,213_18_4_1_1_stand.txt
knee_left,171.76,213_18_4_2_1_stand.txt
knee_right,175.53,213_18_4_2_1_stand.txt
knee_left,171.9,213_18_4_3_1_stand.txt
knee_right,176.16,213_18_4_3_1_stand.txt
knee_left,171.3,213_18_4_4_1_stand.txt
knee_right,176.12,213_18_4_4_1_stand.txt
knee_left,171.75,213_18_4_5_1_stand.txt
knee_right,175.91,213_18_4_5_1_stand.txt
knee_left,171.68,213_18_4_6_1_stand.txt
knee_right,175.81,213_18_4_6_1_stand.txt
knee_left,176.39,213_18_5_1_1_stand.txt
knee_right,176.19,213_18_5_1_1_stand.txt
knee_left,176.11,213_18_5_2_1_stand.txt
knee_right,175.7,213_18_5_2_1_stand.txt
knee_left,177.21,213_18_5_3_1_stand.txt
knee_right,176.16,213_18_5_3_1_stand.txt
knee_left,176.47,213_18_5_4_1_stand.txt
knee_right,176.76,213_18_5_4_1_stand.txt
knee_left,176.64,213_18_5_5_1_stand.txt
knee_right,177.54,213_18_5_5_1_stand.txt
knee_left,173.32,213_18_5_6_2_stand.txt
knee_right,176.79,213_18_5_6_2_stand.txt
knee_left,169.84,213_18_6_1_1_stand.txt
knee_right,175.78,213_18_6_1_1_stand.txt
knee_left,168.83,213_18_6_2_1_stand.txt
knee_right,174.89,213_18_6_2_1_stand.txt
knee_left,169.35,213_18_6_3_1_stand.txt
knee_right,174.12,213_18_6_3_1_stand.txt
knee_left,169.07,213_18_6_4_1_stand.txt
knee_right,174.0,213_18_6_4_1_stand.txt
knee_left,169.71,213_18_6_5_1_stand.txt
knee_right,174.39,213_18_6_5_1_stand.txt
knee_left,170.37,213_18_6_6_1_stand.txt
knee_right,174.19,213_18_6_6_1_stand.txt
knee_left,169.56,213_18_7_1_1_stand.txt
knee_right,170.0,213_18_7_1_1_stand.txt
knee_left,169.81,213_18_7_2_1_stand.txt
knee_right,167.63,213_18_7_2_1_stand.txt
knee_left,171.49,213_18_7_3_1_stand.txt
knee_right,167.11,213_18_7_3_1_stand.txt
knee_left,171.44,213_18_7_4_1_stand.txt
knee_right,165.12,213_18_7_4_1_stand.txt
knee_left,170.5,213_18_7_5_1_stand.txt
knee_right,169.15,213_18_7_5_1_stand.txt
knee_left,170.36,213_18_8_1_1_stand.txt
knee_right,172.26,213_18_8_1_1_stand.txt
knee_left,167.33,213_18_8_2_1_stand.txt
knee_right,169.29,213_18_8_2_1_stand.txt
knee_left,166.87,213_18_8_3_2_stand.txt
knee_right,168.42,213_18_8_3_2_stand.txt
knee_left,167.68,213_18_8_4_2_stand.txt
knee_right,168.68,213_18_8_4_2_stand.txt
knee_left,166.77,213_18_8_5_2_stand.txt
knee_right,167.37,213_18_8_5_2_stand.txt
knee_left,166.59,213_18_8_6_2_stand.txt
knee_right,166.36,213_18_8_6_2_stand.txt
knee_left,175.13,214_18_0_1_2_Stand-frame.txt
knee_right,165.97,214_18_0_1_2_Stand-frame.txt
knee_left,175.37,214_18_0_2_1_Stand-frame.txt
knee_right,165.27,214_18_0_2_1_Stand-frame.txt
knee_left,175.24,214_18_0_3_1_Stand-frame.txt
knee_right,165.56,214_18_0_3_1_Stand-frame.txt
knee_left,175.91,214_18_0_4_1_Stand-frame.txt
knee_right,166.15,214_18_0_4_1_Stand-frame.txt
knee_left,176.26,214_18_0_5_1_Stand-frame.txt
knee_right,166.29,214_18_0_5_1_Stand-frame.txt
knee_left,176.59,214_18_0_6_1_Stand-frame.txt
knee_right,165.94,214_18_0_6_1_Stand-frame.txt
knee_left,177.2,214_18_0_7_1_Stand-frame.txt
knee_right,166.63,214_18_0_7_1_Stand-frame.txt
knee_left,175.09,214_18_1_1_1_Stand-frame.txt
knee_right,167.94,214_18_1_1_1_Stand-frame.txt
knee_left,175.06,214_18_1_2_1_Stand-frame.txt
knee_right,168.25,214_18_1_2_1_Stand-frame.txt
knee_left,175.62,214_18_1_3_1_Stand-frame.txt
knee_right,168.04,214_18_1_3_1_Stand-frame.txt
knee_left,176.29,214_18_1_4_1_Stand-frame.txt
knee_right,166.95,214_18_1_4_1_Stand-frame.txt
knee_left,176.41,214_18_1_5_1_Stand-frame.txt
knee_right,166.54,214_18_1_5_1_Stand-frame.txt
knee_left,175.72,214_18_1_6_1_Stand-frame.txt
knee_right,166.92,214_18_1_6_1_Stand-frame.txt
knee_left,173.48,214_18_2_1_1_Stand-frame.txt
knee_right,164.39,214_18_2_1_1_Stand-frame.txt
knee_left,172.05,214_18_2_2_1_Stand-frame.txt
knee_right,172.04,214_18_2_2_1_Stand-frame.txt
knee_left,172.83,214_18_2_3_1_Stand-frame.txt
knee_right,171.45,214_18_2_3_1_Stand-frame.txt
knee_left,171.63,214_18_2_4_1_Stand-frame.txt
knee_right,172.37,214_18_2_4_1_Stand-frame.txt
knee_left,170.66,214_18_2_5_2_Stand-frame.txt
knee_right,167.84,214_18_2_5_2_Stand-frame.txt
knee_left,173.29,214_18_2_6_2_Stand-frame.txt
knee_right,170.53,214_18_2_6_2_Stand-frame.txt
knee_left,175.48,214_18_3_1_1_Stand-frame.txt
knee_right,174.58,214_18_3_1_1_Stand-frame.txt
knee_left,175.07,214_18_3_2_1_Stand-frame.txt
knee_right,173.09,214_18_3_2_1_Stand-frame.txt
knee_left,174.44,214_18_3_3_1_Stand-frame.txt
knee_right,172.38,214_18_3_3_1_Stand-frame.txt
knee_left,174.56,214_18_3_4_1_Stand-frame.txt
knee_right,172.93,214_18_3_4_1_Stand-frame.txt
knee_left,173.87,214_18_3_5_1_Stand-frame.txt
knee_right,174.3,214_18_3_5_1_Stand-frame.txt
knee_left,174.03,214_18_4_1_1_Stand-frame.txt
knee_right,165.14,214_18_4_1_1_Stand-frame.txt
knee_left,173.16,214_18_4_2_1_Stand-frame.txt
knee_right,166.29,214_18_4_2_1_Stand-frame.txt
knee_left,173.7,214_18_4_3_1_Stand-frame.txt
knee_right,165.98,214_18_4_3_1_Stand-frame.txt
knee_left,174.14,214_18_4_4_1_Stand-frame.txt
knee_right,166.34,214_18_4_4_1_Stand-frame.txt
knee_left,174.35,214_18_4_5_1_Stand-frame.txt
knee_right,165.84,214_18_4_5_1_Stand-frame.txt
knee_left,177.44,214_18_5_1_1_Stand-frame.txt
knee_right,169.47,214_18_5_1_1_Stand-frame.txt
knee_left,178.22,214_18_5_2_1_Stand-frame.txt
knee_right,171.34,214_18_5_2_1_Stand-frame.txt
knee_left,178.08,214_18_5_3_1_Stand-frame.txt
knee_right,171.22,214_18_5_3_1_Stand-frame.txt
elbow_left,174.52,214_18_5_4_1_Stand-frame.txt
knee_left,176.6,214_18_5_4_1_Stand-frame.txt
knee_right,170.19,214_18_5_4_1_Stand-frame.txt
elbow_left,174.44,214_18_5_5_1_Stand-frame.txt
knee_left,177.72,214_18_5_5_1_Stand-frame.txt
knee_right,171.43,214_18_5_5_1_Stand-frame.txt
knee_left,172.15,214_18_6_1_1_Stand-frame.txt
knee_right,171.47,214_18_6_1_1_Stand-frame.txt
knee_left,172.04,214_18_6_2_1_Stand-frame.txt
knee_right,171.61,214_18_6_2_1_Stand-frame.txt
knee_left,172.8,214_18_6_3_1_Stand-frame.txt
knee_right,169.04,214_18_6_3_1_Stand-frame.txt
knee_left,172.7,214_18_6_4_1_Stand-frame.txt
knee_right,170.7,214_18_6_4_1_Stand-frame.txt
knee_left,173.04,214_18_6_5_3_Stand-frame.txt
knee_right,168.05,214_18_6_5_3_Stand-frame.txt
knee_left,171.29,214_18_7_1_1_Stand-frame.txt
knee_right,168.6,214_18_7_1_1_Stand-frame.txt
knee_left,170.24,214_18_7_2_1_Stand-frame.txt
knee_right,167.06,214_18_7_2_1_Stand-frame.txt
knee_left,169.27,214_18_7_3_1_Stand-frame.txt
knee_right,166.34,214_18_7_3_1_Stand-frame.txt
knee_left,168.42,214_18_7_4_1_Stand-frame.txt
knee_right,168.25,214_18_7_4_1_Stand-frame.txt
knee_left,168.49,214_18_7_5_1_Stand-frame.txt
knee_right,166.02,214_18_7_5_1_Stand-frame.txt
knee_left,169.05,214_18_7_6_1_Stand-frame.txt
knee_right,167.91,214_18_7_6_1_Stand-frame.txt
knee_left,166.29,214_18_8_1_1_Stand-frame.txt
knee_right,175.7,214_18_8_1_1_Stand-frame.txt
knee_right,177.02,214_18_8_2_1_Stand-frame.txt
knee_right,176.52,214_18_8_3_1_Stand-frame.txt
knee_left,165.86,214_18_8_4_2_Stand-frame.txt
knee_right,172.32,214_18_8_4_2_Stand-frame.txt
knee_right,173.26,214_18_8_5_1_Stand-frame.txt
knee_right,176.15,214_18_8_6_1_Stand-frame.txt
knee_right,174.55,214_18_8_7_2_Stand-frame.txt
knee_left,173.59,215_18_0_1_1_stand.txt
knee_right,168.45,215_18_0_1_1_stand.txt
knee_left,173.5,215_18_0_2_1_stand.txt
knee_right,168.54,215_18_0_2_1_stand.txt
knee_left,172.28,215_18_0_3_1_stand.txt
knee_right,167.94,215_18_0_3_1_stand.txt
knee_left,171.97,215_18_0_4_1_stand.txt
knee_right,167.02,215_18_0_4_1_stand.txt
knee_left,171.59,215_18_0_5_1_stand.txt
knee_right,167.2,215_18_0_5_1_stand.txt
knee_left,171.81,215_18_0_6_1_stand.txt
knee_right,168.11,215_18_0_6_1_stand.txt
knee_left,174.02,215_18_1_1_2_stand.txt
knee_right,166.82,215_18_1_1_2_stand.txt
knee_left,173.89,215_18_1_2_2_stand.txt
knee_right,166.72,215_18_1_2_2_stand.txt
knee_left,174.08,215_18_1_3_2_stand.txt
knee_right,166.53,215_18_1_3_2_stand.txt
knee_left,174.07,215_18_1_4_2_stand.txt
knee_right,167.23,215_18_1_4_2_stand.txt
knee_left,175.1,215_18_2_10_2_stand.txt
knee_right,168.79,215_18_2_10_2_stand.txt
knee_left,175.93,215_18_2_1_1_stand.txt
knee_right,168.06,215_18_2_1_1_stand.txt
knee_left,173.97,215_18_2_2_1_stand.txt
knee_right,169.43,215_18_2_2_1_stand.txt
knee_left,173.9,215_18_2_3_1_stand.txt
knee_right,166.91,215_18_2_3_1_stand.txt
knee_left,173.97,215_18_2_4_1_stand.txt
knee_right,166.69,215_18_2_4_1_stand.txt
knee_left,172.84,215_18_2_5_1_stand.txt
knee_right,166.05,215_18_2_5_1_stand.txt
knee_left,173.57,215_18_2_6_1_stand.txt
knee_right,167.16,215_18_2_6_1_stand.txt
knee_left,173.15,215_18_2_7_1_stand.txt
knee_right,167.19,215_18_2_7_1_stand.txt
knee_left,173.52,215_18_2_8_1_stand.txt
knee_right,167.27,215_18_2_8_1_stand.txt
knee_left,173.34,215_18_2_9_2_stand.txt
knee_right,166.96,215_18_2_9_2_stand.txt
knee_left,173.9,215_18_3_1_1_stand.txt
knee_right,168.53,215_18_3_1_1_stand.txt
knee_left,173.19,215_18_3_2_1_stand.txt
knee_right,170.38,215_18_3_2_1_stand.txt
knee_left,173.32,215_18_3_3_1_stand.txt
knee_right,170.59,215_18_3_3_1_stand.txt
knee_left,173.12,215_18_3_4_1_stand.txt
knee_right,169.43,215_18_3_4_1_stand.txt
knee_left,173.42,215_18_3_5_1_stand.txt
knee_right,170.14,215_18_3_5_1_stand.txt
knee_left,174.06,215_18_3_6_2_stand.txt
knee_right,167.91,215_18_3_6_2_stand.txt
knee_left,173.57,215_18_3_7_2_stand.txt
knee_right,169.41,215_18_3_7_2_stand.txt
knee_left,172.26,215_18_4_10_1_stand.txt
knee_right,167.63,215_18_4_10_1_stand.txt
knee_left,171.74,215_18_4_1_2_stand.txt
knee_right,167.09,215_18_4_1_2_stand.txt
knee_left,171.05,215_18_4_2_2_stand.txt
knee_right,166.46,215_18_4_2_2_stand.txt
knee_left,171.37,215_18_4_3_2_stand.txt
knee_right,167.39,215_18_4_3_2_stand.txt
knee_left,171.93,215_18_4_4_2_stand.txt
knee_right,167.88,215_18_4_4_2_stand.txt
knee_left,171.9,215_18_4_5_1_stand.txt
knee_right,166.68,215_18_4_5_1_stand.txt
knee_left,172.62,215_18_4_6_1_stand.txt
knee_right,167.13,215_18_4_6_1_stand.txt
knee_left,172.43,215_18_4_7_1_stand.txt
knee_right,167.32,215_18_4_7_1_stand.txt
knee_left,172.09,215_18_4_8_1_stand.txt
knee_right,167.56,215_18_4_8_1_stand.txt
knee_left,172.38,215_18_4_9_1_stand.txt
knee_right,167.22,215_18_4_9_1_stand.txt
knee_left,173.81,215_18_5_1_1_stand.txt
knee_right,167.42,215_18_5_1_1_stand.txt
knee_left,173.77,215_18_5_2_1_stand.txt
knee_right,169.11,215_18_5_2_1_stand.txt
knee_left,174.01,215_18_5_3_1_stand.txt
knee_right,167.75,215_18_5_3_1_stand.txt
knee_left,173.98,215_18_5_4_1_stand.txt
knee_right,167.2,215_18_5_4_1_stand.txt
knee_left,174.09,215_18_5_5_1_stand.txt
knee_right,167.53,215_18_5_5_1_stand.txt
knee_left,174.23,215_18_5_6_1_stand.txt
knee_right,168.25,215_18_5_6_1_stand.txt
knee_left,173.63,215_18_5_7_1_stand.txt
knee_right,168.11,215_18_5_7_1_stand.txt
knee_left,174.52,215_18_5_8_1_stand.txt
knee_right,166.9,215_18_5_8_1_stand.txt
knee_left,174.87,215_18_5_9_1_stand.txt
knee_right,166.96,215_18_5_9_1_stand.txt
knee_left,172.24,215_18_6_1_1_stand.txt
knee_right,168.44,215_18_6_1_1_stand.txt
knee_left,172.89,215_18_6_2_1_stand.txt
knee_right,168.41,215_18_6_2_1_stand.txt
knee_left,173.35,215_18_6_3_1_stand.txt
knee_right,168.6,215_18_6_3_1_stand.txt
knee_left,173.46,215_18_6_4_1_stand.txt
knee_right,168.02,215_18_6_4_1_stand.txt
knee_left,173.53,215_18_6_5_1_stand.txt
knee_right,168.44,215_18_6_5_1_stand.txt
knee_left,172.97,215_18_6_6_1_stand.txt
knee_right,167.97,215_18_6_6_1_stand.txt
knee_left,173.49,215_18_6_7_1_stand.txt
knee_right,168.36,215_18_6_7_1_stand.txt
knee_left,173.03,215_18_6_8_1_stand.txt
knee_right,167.94,215_18_6_8_1_stand.txt
knee_left,173.66,215_18_6_9_2_stand.txt
knee_right,169.11,215_18_6_9_2_stand.txt
knee_left,173.13,215_18_7_1_1_stand.txt
knee_right,172.81,215_18_7_1_1_stand.txt
knee_left,172.68,215_18_7_2_1_stand.txt
knee_right,173.33,215_18_7_2_1_stand.txt
knee_left,172.81,215_18_7_3_1_stand.txt
knee_right,174.66,215_18_7_3_1_stand.txt
knee_left,172.28,215_18_7_4_1_stand.txt
knee_right,173.66,215_18_7_4_1_stand.txt
knee_left,171.99,215_18_7_5_1_stand.txt
knee_right,174.87,215_18_7_5_1_stand.txt
knee_left,172.19,215_18_7_6_1_stand.txt
knee_right,172.74,215_18_7_6_1_stand.txt
knee_left,172.39,215_18_7_7_1_stand.txt
knee_right,172.55,215_18_7_7_1_stand.txt
knee_left,172.3,215_18_7_8_1_stand.txt
knee_right,172.63,215_18_7_8_1_stand.txt
knee_left,172.36,215_18_8_10_1_stand.txt
knee_right,170.88,215_18_8_10_1_stand.txt
knee_left,173.82,215_18_8_1_1_stand.txt
knee_right,174.12,215_18_8_1_1_stand.txt
knee_left,173.32,215_18_8_2_1_stand.txt
knee_right,172.72,215_18_8_2_1_stand.txt
knee_left,170.6,215_18_8_3_1_stand.txt
knee_right,171.82,215_18_8_3_1_stand.txt
knee_left,169.5,215_18_8_4_1_stand.txt
knee_right,169.62,215_18_8_4_1_stand.txt
knee_left,170.52,215_18_8_5_1_stand.txt
knee_right,170.15,215_18_8_5_1_stand.txt
knee_left,170.46,215_18_8_6_1_stand.txt
knee_right,171.38,215_18_8_6_1_stand.txt
knee_left,171.08,215_18_8_7_1_stand.txt
knee_right,170.61,215_18_8_7_1_stand.txt
knee_left,170.32,215_18_8_8_1_stand.txt
knee_right,169.96,215_18_8_8_1_stand.txt
knee_left,170.03,215_18_8_9_1_stand.txt
knee_right,169.33,215_18_8_9_1_stand.txt
knee_left,175.25,216_18_0_1_2_stand.txt
knee_right,177.66,216_18_0_1_2_stand.txt
knee_left,173.43,216_18_0_2_2_stand.txt
knee_right,176.88,216_18_0_2_2_stand.txt
knee_left,173.29,216_18_0_3_2_stand.txt
knee_right,177.42,216_18_0_3_2_stand.txt
knee_left,172.95,216_18_0_4_2_stand.txt
knee_right,177.28,216_18_0_4_2_stand.txt
knee_left,173.25,216_18_0_5_2_stand.txt
knee_right,177.83,216_18_0_5_2_stand.txt
knee_left,173.79,216_18_0_6_2_stand.txt
knee_right,178.45,216_18_0_6_2_stand.txt
knee_left,172.61,216_18_1_1_1_stand.txt
knee_right,177.39,216_18_1_1_1_stand.txt
knee_left,171.97,216_18_1_2_1_stand.txt
knee_right,177.69,216_18_1_2_1_stand.txt
knee_left,173.49,216_18_1_3_1_stand.txt
knee_right,177.2,216_18_1_3_1_stand.txt
knee_left,173.01,216_18_1_4_1_stand.txt
knee_right,177.27,216_18_1_4_1_stand.txt
knee_left,173.08,216_18_1_5_1_stand.txt
knee_right,177.18,216_18_1_5_1_stand.txt
knee_left,172.37,216_18_1_6_1_stand.txt
knee_right,177.75,216_18_1_6_1_stand.txt
knee_left,174.26,216_18_2_1_2_stand.txt
knee_right,176.22,216_18_2_1_2_stand.txt
knee_left,174.1,216_18_2_2_2_stand.txt
knee_right,175.57,216_18_2_2_2_stand.txt
knee_left,174.19,216_18_2_3_2_stand.txt
knee_right,175.86,216_18_2_3_2_stand.txt
knee_left,173.82,216_18_2_4_2_stand.txt
knee_right,175.06,216_18_2_4_2_stand.txt
knee_left,174.23,216_18_2_5_2_stand.txt
knee_right,175.69,216_18_2_5_2_stand.txt
knee_left,173.74,216_18_3_1_1_stand.txt
knee_right,177.2,216_18_3_1_1_stand.txt
knee_left,174.09,216_18_3_2_1_stand.txt
knee_right,177.16,216_18_3_2_1_stand.txt
knee_left,174.21,216_18_3_3_1_stand.txt
knee_right,177.35,216_18_3_3_1_stand.txt
knee_left,174.5,216_18_3_4_1_stand.txt
knee_right,178.17,216_18_3_4_1_stand.txt
knee_left,174.18,216_18_3_5_1_stand.txt
knee_right,177.81,216_18_3_5_1_stand.txt
knee_left,174.02,216_18_3_6_1_stand.txt
knee_right,177.65,216_18_3_6_1_stand.txt
knee_left,173.12,216_18_4_1_2_stand.txt
knee_right,177.8,216_18_4_1_2_stand.txt
knee_left,171.17,216_18_4_2_2_stand.txt
knee_right,176.3,216_18_4_2_2_stand.txt
knee_left,171.21,216_18_4_3_2_stand.txt
knee_right,176.25,216_18_4_3_2_stand.txt
knee_left,170.96,216_18_4_4_2_stand.txt
knee_right,176.63,216_18_4_4_2_stand.txt
knee_left,171.37,216_18_4_5_2_stand.txt
knee_right,176.54,216_18_4_5_2_stand.txt
knee_left,171.28,216_18_4_6_2_stand.txt
knee_right,176.42,216_18_4_6_2_stand.txt
knee_left,170.87,216_18_4_7_2_stand.txt
knee_right,176.04,216_18_4_7_2_stand.txt
knee_left,172.97,216_18_5_1_1_stand.txt
knee_right,175.34,216_18_5_1_1_stand.txt
knee_left,175.12,216_18_5_2_1_stand.txt
knee_right,176.83,216_18_5_2_1_stand.txt
knee_left,175.27,216_18_5_3_1_stand.txt
knee_right,176.74,216_18_5_3_1_stand.txt
knee_left,174.84,216_18_5_4_1_stand.txt
knee_right,177.12,216_18_5_4_1_stand.txt
knee_left,175.02,216_18_5_5_1_stand.txt
knee_right,177.34,216_18_5_5_1_stand.txt
knee_left,175.05,216_18_5_6_1_stand.txt
knee_right,177.46,216_18_5_6_1_stand.txt
knee_left,177.36,216_18_6_1_1_stand.txt
knee_right,174.47,216_18_6_1_1_stand.txt
knee_left,176.1,216_18_6_2_1_stand.txt
knee_right,173.53,216_18_6_2_1_stand.txt
knee_left,176.66,216_18_6_3_1_stand.txt
knee_right,176.05,216_18_6_3_1_stand.txt
knee_left,176.27,216_18_6_4_1_stand.txt
knee_right,174.79,216_18_6_4_1_stand.txt
knee_left,176.26,216_18_6_5_1_stand.txt
knee_right,174.14,216_18_6_5_1_stand.txt
knee_left,176.41,216_18_6_6_1_stand.txt
knee_right,172.87,216_18_6_6_1_stand.txt
knee_left,167.72,216_18_7_1_1_stand.txt
knee_right,173.16,216_18_7_1_1_stand.txt
knee_left,170.89,216_18_7_2_1_stand.txt
knee_right,171.79,216_18_7_2_1_stand.txt
knee_left,170.36,216_18_7_3_1_stand.txt
knee_right,171.65,216_18_7_3_1_stand.txt
knee_left,174.1,216_18_7_4_1_stand.txt
knee_right,174.25,216_18_7_4_1_stand.txt
knee_left,170.52,216_18_7_5_1_stand.txt
knee_right,173.02,216_18_7_5_1_stand.txt
knee_left,171.71,216_18_7_6_1_stand.txt
knee_right,172.5,216_18_7_6_1_stand.txt
knee_left,169.17,216_18_8_1_1_stand.txt
knee_right,168.55,216_18_8_1_1_stand.txt
knee_left,166.42,216_18_8_2_1_stand.txt
knee_right,169.16,216_18_8_2_1_stand.txt
knee_left,165.56,216_18_8_3_1_stand.txt
knee_right,170.66,216_18_8_3_1_stand.txt
knee_right,170.3,216_18_8_4_1_stand.txt
knee_left,163.44,216_18_8_5_1_stand.txt
knee_right,169.87,216_18_8_5_1_stand.txt
knee_left,162.86,216_18_8_6_1_stand.txt
knee_right,169.69,216_18_8_6_1_stand.txt
elbow_left,174.08,217_18_5_4_1_wheelchair.txt
elbow_left,174.78,217_18_5_5_1_wheelchair.txt
elbow_left,174.18,217_18_5_6_1_wheelchair.txt
knee_left,171.9,301_18_0_10_1_stand.txt
knee_right,173.78,301_18_0_10_1_stand.txt
knee_left,172.1,301_18_0_11_1_stand.txt
knee_right,174.37,301_18_0_11_1_stand.txt
knee_left,171.71,301_18_0_12_1_stand.txt
knee_right,173.73,301_18_0_12_1_stand.txt
knee_left,172.84,301_18_0_7_1_stand.txt
knee_right,175.02,301_18_0_7_1_stand.txt
knee_left,171.71,301_18_0_8_1_stand.txt
knee_right,174.22,301_18_0_8_1_stand.txt
knee_left,172.13,301_18_0_9_1_stand.txt
knee_right,173.61,301_18_0_9_1_stand.txt
knee_left,171.45,301_18_1_10_1_stand.txt
knee_right,174.18,301_18_1_10_1_stand.txt
knee_left,171.6,301_18_1_11_1_stand.txt
knee_right,174.0,301_18_1_11_1_stand.txt
knee_left,171.85,301_18_1_12_1_stand.txt
knee_right,173.76,301_18_1_12_1_stand.txt
knee_left,171.9,301_18_1_7_1_stand.txt
knee_right,174.06,301_18_1_7_1_stand.txt
knee_left,172.24,301_18_1_8_1_stand.txt
knee_right,174.04,301_18_1_8_1_stand.txt
knee_left,170.9,301_18_1_9_1_stand.txt
knee_right,173.83,301_18_1_9_1_stand.txt
knee_left,172.8,301_18_2_10_1_stand.txt
knee_right,172.43,301_18_2_10_1_stand.txt
knee_left,172.87,301_18_2_11_1_stand.txt
knee_right,172.86,301_18_2_11_1_stand.txt
knee_left,173.14,301_18_2_12_1_stand.txt
knee_right,173.56,301_18_2_12_1_stand.txt
knee_left,172.04,301_18_2_7_1_stand.txt
knee_right,174.42,301_18_2_7_1_stand.txt
knee_left,172.79,301_18_2_8_1_stand.txt
knee_right,173.57,301_18_2_8_1_stand.txt
knee_left,172.79,301_18_2_9_1_stand.txt
knee_right,172.23,301_18_2_9_1_stand.txt
knee_left,172.0,301_18_3_10_1_stand.txt
knee_right,172.86,301_18_3_10_1_stand.txt
knee_left,171.71,301_18_3_11_1_stand.txt
knee_right,172.45,301_18_3_11_1_stand.txt
knee_left,172.3,301_18_3_12_1_stand.txt
knee_right,171.96,301_18_3_12_1_stand.txt
knee_left,172.8,301_18_3_7_1_stand.txt
knee_right,173.5,301_18_3_7_1_stand.txt
knee_left,172.63,301_18_3_8_1_stand.txt
knee_right,172.93,301_18_3_8_1_stand.txt
knee_left,172.29,301_18_3_9_1_stand.txt
knee_right,172.5,301_18_3_9_1_stand.txt
knee_left,172.38,301_18_4_10_1_stand.txt
knee_right,173.62,301_18_4_10_1_stand.txt
knee_left,172.57,301_18_4_11_1_stand.txt
knee_right,173.62,301_18_4_11_1_stand.txt
knee_left,172.63,301_18_4_12_1_stand.txt
knee_right,173.52,301_18_4_12_1_stand.txt
knee_left,171.76,301_18_4_7_1_stand.txt
knee_right,174.0,301_18_4_7_1_stand.txt
knee_left,171.46,301_18_4_8_1_stand.txt
knee_right,172.03,301_18_4_8_1_stand.txt
knee_left,171.58,301_18_4_9_1_stand.txt
knee_right,171.29,301_18_4_9_1_stand.txt
knee_left,171.9,301_18_5_10_1_stand.txt
knee_right,173.13,301_18_5_10_1_stand.txt
knee_left,172.64,301_18_5_11_1_stand.txt
knee_right,173.0,301_18_5_11_1_stand.txt
knee_left,172.22,301_18_5_12_1_stand.txt
knee_right,172.75,301_18_5_12_1_stand.txt
knee_left,172.24,301_18_5_7_1_stand.txt
knee_right,173.42,301_18_5_7_1_stand.txt
knee_left,171.81,301_18_5_8_1_stand.txt
knee_right,172.57,301_18_5_8_1_stand.txt
knee_left,171.33,301_18_5_9_1_stand.txt
knee_right,173.14,301_18_5_9_1_stand.txt
knee_left,172.87,301_18_6_10_1_stand.txt
knee_right,173.27,301_18_6_10_1_stand.txt
knee_left,172.99,301_18_6_11_1_stand.txt
knee_right,173.72,301_18_6_11_1_stand.txt
knee_left,173.01,301_18_6_12_1_stand.txt
knee_right,173.93,301_18_6_12_1_stand.txt
knee_left,173.12,301_18_6_7_1_stand.txt
knee_right,172.53,301_18_6_7_1_stand.txt
knee_left,173.01,301_18_6_8_1_stand.txt
knee_right,173.94,301_18_6_8_1_stand.txt
knee_left,173.04,301_18_6_9_1_stand.txt
knee_right,174.27,301_18_6_9_1_stand.txt
knee_left,169.48,301_18_7_10_1_stand.txt
knee_right,168.12,301_18_7_10_1_stand.txt
knee_left,170.49,301_18_7_11_1_stand.txt
knee_right,168.89,301_18_7_11_1_stand.txt
knee_left,169.94,301_18_7_12_1_stand.txt
knee_right,167.04,301_18_7_12_1_stand.txt
knee_left,170.75,301_18_7_7_1_stand.txt
knee_right,164.74,301_18_7_7_1_stand.txt
knee_left,169.96,301_18_7_8_1_stand.txt
knee_right,165.95,301_18_7_8_1_stand.txt
knee_left,170.03,301_18_7_9_1_stand.txt
knee_right,168.17,301_18_7_9_1_stand.txt
knee_left,166.77,301_18_8_10_1_stand.txt
knee_right,170.06,301_18_8_10_1_stand.txt
knee_left,167.23,301_18_8_11_1_stand.txt
knee_right,172.38,301_18_8_11_1_stand.txt
knee_left,167.05,301_18_8_12_1_stand.txt
knee_right,172.51,301_18_8_12_1_stand.txt
knee_left,164.34,301_18_8_7_1_stand.txt
knee_right,168.26,301_18_8_7_1_stand.txt
knee_left,168.99,301_18_8_8_1_stand.txt
knee_right,171.36,301_18_8_8_1_stand.txt
knee_left,168.23,301_18_8_9_1_stand.txt
knee_right,170.53,301_18_8_9_1_stand.txt
knee_left,173.08,302_18_0_10_1_stand.txt
knee_right,173.14,302_18_0_10_1_stand.txt
knee_left,172.55,302_18_0_11_1_stand.txt
knee_right,171.4,302_18_0_11_1_stand.txt
knee_left,172.09,302_18_0_12_1_stand.txt
knee_right,171.17,302_18_0_12_1_stand.txt
knee_left,173.22,302_18_0_7_1_stand.txt
knee_right,174.16,302_18_0_7_1_stand.txt
knee_left,172.46,302_18_0_8_1_stand.txt
knee_right,173.58,302_18_0_8_1_stand.txt
knee_left,172.65,302_18_0_9_1_stand.txt
knee_right,173.22,302_18_0_9_1_stand.txt
knee_left,173.04,302_18_1_10_1_stand.txt
knee_right,173.41,302_18_1_10_1_stand.txt
knee_left,173.08,302_18_1_11_1_stand.txt
knee_right,172.93,302_18_1_11_1_stand.txt
knee_left,173.27,302_18_1_12_1_stand.txt
knee_right,172.65,302_18_1_12_1_stand.txt
knee_left,172.9,302_18_1_13_1_stand.txt
knee_right,172.42,302_18_1_13_1_stand.txt
knee_left,173.34,302_18_1_8_1_stand.txt
knee_right,172.34,302_18_1_8_1_stand.txt
knee_left,173.19,302_18_1_9_1_stand.txt
knee_right,173.27,302_18_1_9_1_stand.txt
knee_left,173.41,302_18_2_10_1_stand.txt
knee_right,175.63,302_18_2_10_1_stand.txt
knee_left,173.62,302_18_2_11_1_stand.txt
knee_right,175.88,302_18_2_11_1_stand.txt
knee_left,172.79,302_18_2_12_1_stand.txt
knee_right,175.42,302_18_2_12_1_stand.txt
knee_left,174.83,302_18_2_7_1_stand.txt
knee_right,175.66,302_18_2_7_1_stand.txt
knee_left,173.96,302_18_2_8_1_stand.txt
knee_right,175.36,302_18_2_8_1_stand.txt
knee_left,174.14,302_18_2_9_1_stand.txt
knee_right,174.07,302_18_2_9_1_stand.txt
knee_left,174.91,302_18_3_10_1_stand.txt
knee_right,175.53,302_18_3_10_1_stand.txt
knee_left,174.29,302_18_3_11_1_stand.txt
knee_right,174.98,302_18_3_11_1_stand.txt
knee_left,174.6,302_18_3_12_1_stand.txt
knee_right,175.22,302_18_3_12_1_stand.txt
knee_left,175.13,302_18_3_7_1_stand.txt
knee_right,176.01,302_18_3_7_1_stand.txt
knee_left,174.64,302_18_3_8_1_stand.txt
knee_right,175.74,302_18_3_8_1_stand.txt
knee_left,174.6,302_18_3_9_1_stand.txt
knee_right,175.0,302_18_3_9_1_stand.txt
knee_left,173.18,302_18_4_10_1_stand.txt
knee_right,175.52,302_18_4_10_1_stand.txt
knee_left,173.22,302_18_4_11_1_stand.txt
knee_right,175.18,302_18_4_11_1_stand.txt
elbow_left,174.79,302_18_4_12_1_stand.txt
knee_left,173.03,302_18_4_12_1_stand.txt
knee_right,175.09,302_18_4_12_1_stand.txt
elbow_right,174.11,302_18_4_2_1_chair.txt
knee_left,172.36,302_18_4_7_1_stand.txt
knee_right,175.21,302_18_4_7_1_stand.txt
knee_left,172.56,302_18_4_8_1_stand.txt
knee_right,175.48,302_18_4_8_1_stand.txt
knee_left,172.88,302_18_4_9_1_stand.txt
knee_right,175.68,302_18_4_9_1_stand.txt
knee_left,174.85,302_18_5_10_1_stand.txt
knee_right,173.37,302_18_5_10_1_stand.txt
knee_left,176.21,302_18_5_11_1_stand.txt
knee_right,173.92,302_18_5_11_1_stand.txt
knee_left,174.46,302_18_5_12_1_stand.txt
knee_right,173.26,302_18_5_12_1_stand.txt
elbow_right,174.89,302_18_5_2_1_chair.txt
elbow_left,174.33,302_18_5_3_1_chair.txt
elbow_right,174.01,302_18_5_3_1_chair.txt
elbow_right,174.11,302_18_5_4_1_chair.txt
knee_left,175.31,302_18_5_7_1_stand.txt
knee_right,174.98,302_18_5_7_1_stand.txt
knee_left,176.03,302_18_5_8_1_stand.txt
knee_right,174.05,302_18_5_8_1_stand.txt
knee_left,174.23,302_18_5_9_1_stand.txt
knee_right,172.89,302_18_5_9_1_stand.txt
knee_left,176.36,302_18_6_10_1_stand.txt
knee_right,176.91,302_18_6_10_1_stand.txt
knee_left,176.54,302_18_6_11_1_stand.txt
knee_right,176.58,302_18_6_11_1_stand.txt
knee_left,175.08,302_18_6_12_1_stand.txt
knee_right,176.42,302_18_6_12_1_stand.txt
knee_left,175.27,302_18_6_7_1_stand.txt
knee_right,177.08,302_18_6_7_1_stand.txt
knee_left,176.56,302_18_6_8_1_stand.txt
knee_right,176.68,302_18_6_8_1_stand.txt
knee_left,176.23,302_18_6_9_1_stand.txt
knee_right,177.07,302_18_6_9_1_stand.txt
knee_left,169.36,302_18_7_10_1_stand.txt
knee_right,172.99,302_18_7_10_1_stand.txt
knee_left,169.29,302_18_7_11_1_stand.txt
knee_right,173.46,302_18_7_11_1_stand.txt
knee_left,169.67,302_18_7_12_1_stand.txt
knee_right,172.64,302_18_7_12_1_stand.txt
hip_right,146.87,302_18_7_1_1_chair.txt
knee_left,169.52,302_18_7_7_1_stand.txt
knee_right,171.84,302_18_7_7_1_stand.txt
knee_left,169.49,302_18_7_8_1_stand.txt
knee_right,171.26,302_18_7_8_1_stand.txt
knee_left,169.85,302_18_7_9_1_stand.txt
knee_right,172.03,302_18_7_9_1_stand.txt
knee_left,175.7,302_18_8_10_1_stand.txt
knee_right,174.26,302_18_8_10_1_stand.txt
knee_left,174.42,302_18_8_11_1_stand.txt
knee_right,176.29,302_18_8_11_1_stand.txt
knee_left,175.33,302_18_8_12_1_stand.txt
knee_right,176.13,302_18_8_12_1_stand.txt
elbow_right,174.63,302_18_8_7_1_stand.txt
knee_left,173.55,302_18_8_7_1_stand.txt
knee_right,176.69,302_18_8_7_1_stand.txt
knee_left,174.3,302_18_8_8_1_stand.txt
knee_right,176.45,302_18_8_8_1_stand.txt
knee_left,174.2,302_18_8_9_1_stand.txt
knee_right,176.12,302_18_8_9_1_stand.txt
knee_left,172.83,303_18_0_10_1_stand.txt
knee_right,172.4,303_18_0_10_1_stand.txt
knee_left,172.99,303_18_0_11_1_stand.txt
knee_right,172.73,303_18_0_11_1_stand.txt
knee_left,172.92,303_18_0_12_1_stand.txt
knee_right,172.5,303_18_0_12_1_stand.txt
knee_left,171.99,303_18_0_7_1_stand.txt
knee_right,171.91,303_18_0_7_1_stand.txt
knee_left,172.21,303_18_0_8_1_stand.txt
knee_right,171.77,303_18_0_8_1_stand.txt
knee_left,172.82,303_18_0_9_1_stand.txt
knee_right,172.4,303_18_0_9_1_stand.txt
knee_left,172.28,303_18_1_10_1_stand.txt
knee_right,172.17,303_18_1_10_1_stand.txt
knee_left,173.12,303_18_1_11_1_stand.txt
knee_right,172.43,303_18_1_11_1_stand.txt
knee_left,172.28,303_18_1_12_1_stand.txt
knee_right,172.42,303_18_1_12_1_stand.txt
knee_left,172.57,303_18_1_7_1_stand.txt
knee_right,172.73,303_18_1_7_1_stand.txt
knee_left,173.04,303_18_1_8_1_stand.txt
knee_right,172.91,303_18_1_8_1_stand.txt
knee_left,172.58,303_18_1_9_1_stand.txt
knee_right,172.17,303_18_1_9_1_stand.txt
knee_left,174.99,303_18_2_10_1_stand.txt
knee_right,174.14,303_18_2_10_1_stand.txt
knee_left,174.79,303_18_2_11_1_stand.txt
knee_right,174.33,303_18_2_11_1_stand.txt
knee_left,174.67,303_18_2_12_1_stand.txt
knee_right,174.1,303_18_2_12_1_stand.txt
knee_left,174.63,303_18_2_7_1_stand.txt
knee_right,174.15,303_18_2_7_1_stand.txt
knee_left,175.54,303_18_2_8_1_stand.txt
knee_right,174.59,303_18_2_8_1_stand.txt
knee_left,174.3,303_18_2_9_1_stand.txt
knee_right,173.79,303_18_2_9_1_stand.txt
knee_left,175.59,303_18_3_10_1_stand.txt
knee_right,175.37,303_18_3_10_1_stand.txt
knee_left,175.83,303_18_3_11_1_stand.txt
knee_right,175.3,303_18_3_11_1_stand.txt
knee_left,175.36,303_18_3_12_1_stand.txt
knee_right,174.77,303_18_3_12_1_stand.txt
knee_left,175.92,303_18_3_7_1_stand.txt
knee_right,174.9,303_18_3_7_1_stand.txt
knee_left,175.96,303_18_3_8_1_stand.txt
knee_right,174.8,303_18_3_8_1_stand.txt
knee_left,176.51,303_18_3_9_1_stand.txt
knee_right,174.89,303_18_3_9_1_stand.txt
knee_left,174.15,303_18_4_10_1_stand.txt
knee_right,173.44,303_18_4_10_1_stand.txt
knee_left,174.46,303_18_4_11_1_stand.txt
knee_right,174.13,303_18_4_11_1_stand.txt
knee_left,174.46,303_18_4_12_1_stand.txt
knee_right,174.11,303_18_4_12_1_stand.txt
knee_left,174.45,303_18_4_7_1_stand.txt
knee_right,175.01,303_18_4_7_1_stand.txt
knee_left,174.14,303_18_4_8_1_stand.txt
knee_right,173.76,303_18_4_8_1_stand.txt
knee_left,174.58,303_18_4_9_1_stand.txt
knee_right,173.99,303_18_4_9_1_stand.txt
knee_left,175.83,303_18_5_10_1_stand.txt
knee_right,174.87,303_18_5_10_1_stand.txt
knee_left,175.28,303_18_5_11_1_stand.txt
knee_right,174.71,303_18_5_11_1_stand.txt
knee_left,175.48,303_18_5_12_1_stand.txt
knee_right,175.61,303_18_5_12_1_stand.txt
knee_left,175.64,303_18_5_7_1_stand.txt
knee_right,174.28,303_18_5_7_1_stand.txt
knee_left,175.68,303_18_5_8_1_stand.txt
knee_right,175.02,303_18_5_8_1_stand.txt
knee_left,176.07,303_18_5_9_1_stand.txt
knee_right,175.4,303_18_5_9_1_stand.txt
knee_left,176.15,303_18_6_10_1_stand.txt
knee_right,175.96,303_18_6_10_1_stand.txt
knee_left,176.51,303_18_6_11_1_stand.txt
knee_right,175.84,303_18_6_11_1_stand.txt
knee_left,175.98,303_18_6_7_1_stand.txt
knee_right,175.56,303_18_6_7_1_stand.txt
knee_left,176.39,303_18_6_8_1_stand.txt
knee_right,176.05,303_18_6_8_1_stand.txt
knee_left,176.52,303_18_6_9_1_stand.txt
knee_right,175.57,303_18_6_9_1_stand.txt
knee_left,168.37,303_18_7_10_1_stand.txt
knee_right,173.75,303_18_7_10_1_stand.txt
knee_left,171.7,303_18_7_11_1_stand.txt
knee_right,174.16,303_18_7_11_1_stand.txt
knee_left,170.66,303_18_7_12_1_stand.txt
knee_right,173.14,303_18_7_12_1_stand.txt
knee_left,170.01,303_18_7_7_1_stand.txt
knee_right,174.82,303_18_7_7_1_stand.txt
knee_left,168.88,303_18_7_8_1_stand.txt
knee_right,171.89,303_18_7_8_1_stand.txt
knee_left,170.44,303_18_7_9_1_stand.txt
knee_right,174.96,303_18_7_9_1_stand.txt
knee_left,174.02,303_18_8_10_1_stand.txt
knee_right,175.41,303_18_8_10_1_stand.txt
knee_left,174.74,303_18_8_11_1_stand.txt
knee_right,175.02,303_18_8_11_1_stand.txt
knee_left,174.08,303_18_8_12_1_stand.txt
knee_right,176.01,303_18_8_12_1_stand.txt
knee_left,174.41,303_18_8_7_1_stand.txt
knee_right,175.53,303_18_8_7_1_stand.txt
knee_left,174.6,303_18_8_8_1_stand.txt
knee_right,175.63,303_18_8_8_1_stand.txt
knee_left,173.75,303_18_8_9_1_stand.txt
knee_right,174.58,303_18_8_9_1_stand.txt
elbow_left,174.28,304_18_5_2_1_chair.txt
elbow_left,174.63,304_18_5_3_1_chair.txt
elbow_left,174.64,304_18_5_4_1_chair.txt
elbow_left,174.47,304_18_5_5_1_chair.txt
hip_right,146.5,304_18_7_2_1_chair.txt
hip_right,148.74,304_18_7_4_1_chair.txt
hip_right,147.6,304_18_7_5_1_chair.txt
hip_right,152.96,304_18_7_6_1_chair.txt
hip_left,145.73,304_18_8_2_1_chair.txt
hip_left,150.17,304_18_8_3_1_chair.txt
hip_left,146.61,304_18_8_4_1_chair.txt
hip_left,147.95,304_18_8_5_1_chair.txt
hip_left,144.79,304_18_8_6_1_chair.txt
knee_left,174.87,305_18_0_10_1_stand.txt
knee_right,173.89,305_18_0_10_1_stand.txt
knee_left,174.55,305_18_0_11_1_stand.txt
knee_right,173.11,305_18_0_11_1_stand.txt
knee_left,175.0,305_18_0_12_1_stand.txt
knee_right,173.38,305_18_0_12_1_stand.txt
knee_left,175.94,305_18_0_7_1_stand.txt
knee_right,173.87,305_18_0_7_1_stand.txt
knee_left,174.59,305_18_0_8_1_stand.txt
knee_right,173.28,305_18_0_8_1_stand.txt
knee_left,174.74,305_18_0_9_1_stand.txt
knee_right,173.62,305_18_0_9_1_stand.txt
knee_left,174.84,305_18_1_10_1_stand.txt
knee_right,172.09,305_18_1_10_1_stand.txt
knee_left,175.03,305_18_1_11_1_stand.txt
knee_right,171.59,305_18_1_11_1_stand.txt
knee_left,175.24,305_18_1_12_1_stand.txt
knee_right,171.47,305_18_1_12_1_stand.txt
knee_left,175.4,305_18_1_7_1_stand.txt
knee_right,172.06,305_18_1_7_1_stand.txt
knee_left,175.05,305_18_1_8_1_stand.txt
knee_right,171.96,305_18_1_8_1_stand.txt
knee_left,175.0,305_18_1_9_1_stand.txt
knee_right,172.18,305_18_1_9_1_stand.txt
knee_left,173.4,305_18_2_1_1_stand.txt
knee_right,171.81,305_18_2_1_1_stand.txt
knee_left,174.54,305_18_2_2_1_stand.txt
knee_right,171.59,305_18_2_2_1_stand.txt
knee_left,174.69,305_18_2_3_1_stand.txt
knee_right,173.28,305_18_2_3_1_stand.txt
knee_left,173.79,305_18_2_4_1_stand.txt
knee_right,173.21,305_18_2_4_1_stand.txt
knee_left,174.64,305_18_2_5_1_stand.txt
knee_right,173.16,305_18_2_5_1_stand.txt
knee_left,173.65,305_18_2_6_1_stand.txt
knee_right,173.6,305_18_2_6_1_stand.txt
knee_left,174.82,305_18_3_1_1_stand.txt
knee_right,169.76,305_18_3_1_1_stand.txt
knee_left,175.42,305_18_3_2_1_stand.txt
knee_right,169.95,305_18_3_2_1_stand.txt
knee_left,175.31,305_18_3_3_1_stand.txt
knee_right,170.03,305_18_3_3_1_stand.txt
knee_left,175.46,305_18_3_4_1_stand.txt
knee_right,171.7,305_18_3_4_1_stand.txt
knee_left,175.28,305_18_3_5_1_stand.txt
knee_right,169.9,305_18_3_5_1_stand.txt
knee_left,174.39,305_18_3_6_1_stand.txt
knee_right,170.17,305_18_3_6_1_stand.txt
knee_left,173.04,305_18_4_10_1_stand.txt
knee_right,170.93,305_18_4_10_1_stand.txt
knee_left,172.37,305_18_4_11_1_stand.txt
knee_right,171.8,305_18_4_11_1_stand.txt
knee_left,172.85,305_18_4_12_1_stand.txt
knee_right,171.56,305_18_4_12_1_stand.txt
knee_left,172.48,305_18_4_7_1_stand.txt
knee_right,171.49,305_18_4_7_1_stand.txt
knee_left,172.85,305_18_4_8_1_stand.txt
knee_right,171.15,305_18_4_8_1_stand.txt
knee_left,173.5,305_18_4_9_1_stand.txt
knee_right,171.53,305_18_4_9_1_stand.txt
knee_left,173.91,305_18_5_10_1_stand.txt
knee_right,169.59,305_18_5_10_1_stand.txt
knee_left,173.91,305_18_5_11_1_stand.txt
knee_right,169.66,305_18_5_11_1_stand.txt
knee_left,173.93,305_18_5_12_1_stand.txt
knee_right,170.21,305_18_5_12_1_stand.txt
knee_left,173.87,305_18_5_7_1_stand.txt
knee_right,170.25,305_18_5_7_1_stand.txt
knee_left,174.05,305_18_5_8_1_stand.txt
knee_right,170.73,305_18_5_8_1_stand.txt
knee_left,172.76,305_18_5_9_1_stand.txt
knee_right,170.15,305_18_5_9_1_stand.txt
knee_left,176.54,305_18_6_10_1_stand.txt
knee_right,172.06,305_18_6_10_1_stand.txt
knee_left,176.77,305_18_6_11_1_stand.txt
knee_right,172.17,305_18_6_11_1_stand.txt
knee_left,176.49,305_18_6_12_1_stand.txt
knee_right,172.05,305_18_6_12_1_stand.txt
knee_left,176.37,305_18_6_7_1_stand.txt
knee_right,170.85,305_18_6_7_1_stand.txt
knee_left,175.96,305_18_6_8_1_stand.txt
knee_right,171.14,305_18_6_8_1_stand.txt
knee_left,175.81,305_18_6_9_1_stand.txt
knee_right,171.54,305_18_6_9_1_stand.txt
knee_left,172.75,305_18_7_10_1_stand.txt
knee_right,163.97,305_18_7_10_1_stand.txt
knee_left,174.6,305_18_7_11_1_stand.txt
knee_right,165.47,305_18_7_11_1_stand.txt
knee_left,176.01,305_18_7_12_1_stand.txt
knee_right,168.01,305_18_7_12_1_stand.txt
hip_right,144.24,305_18_7_2_1_chair.txt
hip_right,146.84,305_18_7_3_1_chair.txt
hip_right,148.46,305_18_7_4_1_chair.txt
hip_right,147.92,305_18_7_5_1_chair.txt
hip_right,150.55,305_18_7_6_1_chair.txt
knee_left,173.87,305_18_7_7_1_stand.txt
knee_right,162.97,305_18_7_7_1_stand.txt
knee_left,175.35,305_18_7_8_1_stand.txt
knee_right,164.77,305_18_7_8_1_stand.txt
knee_left,173.58,305_18_7_9_1_stand.txt
knee_right,166.27,305_18_7_9_1_stand.txt
knee_left,176.68,305_18_8_10_1_stand.txt
knee_left,174.09,305_18_8_11_1_stand.txt
knee_left,175.92,305_18_8_12_1_stand.txt
hip_left,146.19,305_18_8_1_1_chair.txt
hip_left,149.43,305_18_8_2_1_chair.txt
hip_left,146.69,305_18_8_3_1_chair.txt
hip_left,144.98,305_18_8_4_1_chair.txt
hip_left,147.64,305_18_8_5_1_chair.txt
hip_left,144.36,305_18_8_6_1_chair.txt
hip_right,144.41,305_18_8_6_1_chair.txt
knee_left,170.93,305_18_8_7_1_stand.txt
knee_right,163.71,305_18_8_7_1_stand.txt
knee_left,173.52,305_18_8_8_1_stand.txt
knee_right,165.61,305_18_8_8_1_stand.txt
knee_left,175.84,305_18_8_9_1_stand.txt
knee_right,164.81,305_18_8_9_1_stand.txt
knee_left,173.92,306_18_0_10_1_stand.txt
knee_right,176.0,306_18_0_10_1_stand.txt
knee_left,174.15,306_18_0_11_1_stand.txt
knee_right,175.8,306_18_0_11_1_stand.txt
knee_left,174.26,306_18_0_12_1_stand.txt
knee_right,175.86,306_18_0_12_1_stand.txt
knee_left,175.86,306_18_0_7_1_stand.txt
knee_right,177.77,306_18_0_7_1_stand.txt
knee_left,174.95,306_18_0_8_1_stand.txt
knee_right,176.72,306_18_0_8_1_stand.txt
knee_left,174.12,306_18_0_9_1_stand.txt
knee_right,175.96,306_18_0_9_1_stand.txt
knee_left,175.04,306_18_1_10_1_stand.txt
knee_right,175.46,306_18_1_10_1_stand.txt
knee_left,175.87,306_18_1_11_1_stand.txt
knee_right,175.72,306_18_1_11_1_stand.txt
knee_left,175.36,306_18_1_12_1_stand.txt
knee_right,175.49,306_18_1_12_1_stand.txt
knee_left,174.58,306_18_1_7_1_stand.txt
knee_right,174.97,306_18_1_7_1_stand.txt
knee_left,174.43,306_18_1_8_1_stand.txt
knee_right,175.13,306_18_1_8_1_stand.txt
knee_left,174.68,306_18_1_9_1_stand.txt
knee_right,175.03,306_18_1_9_1_stand.txt
knee_left,173.48,306_18_2_10_1_stand.txt
knee_right,176.96,306_18_2_10_1_stand.txt
knee_left,173.22,306_18_2_11_1_stand.txt
knee_right,177.27,306_18_2_11_1_stand.txt
knee_left,173.08,306_18_2_12_1_stand.txt
knee_right,177.12,306_18_2_12_1_stand.txt
knee_left,172.67,306_18_2_7_1_stand.txt
knee_right,176.62,306_18_2_7_1_stand.txt
knee_left,173.14,306_18_2_8_1_stand.txt
knee_right,177.41,306_18_2_8_1_stand.txt
knee_left,173.47,306_18_2_9_1_stand.txt
knee_right,176.97,306_18_2_9_1_stand.txt
knee_left,175.32,306_18_3_10_1_stand.txt
knee_right,176.66,306_18_3_10_1_stand.txt
knee_left,175.01,306_18_3_11_1_stand.txt
knee_right,176.56,306_18_3_11_1_stand.txt
knee_left,175.63,306_18_3_12_1_stand.txt
knee_right,176.05,306_18_3_12_1_stand.txt
knee_left,176.0,306_18_3_7_1_stand.txt
knee_right,177.22,306_18_3_7_1_stand.txt
knee_left,175.28,306_18_3_8_1_stand.txt
knee_right,176.86,306_18_3_8_1_stand.txt
knee_left,175.45,306_18_3_9_1_stand.txt
knee_right,176.45,306_18_3_9_1_stand.txt
knee_left,173.21,306_18_4_10_1_stand.txt
knee_right,177.16,306_18_4_10_1_stand.txt
knee_left,173.36,306_18_4_11_1_stand.txt
knee_right,176.75,306_18_4_11_1_stand.txt
knee_left,173.74,306_18_4_12_1_stand.txt
knee_right,177.17,306_18_4_12_1_stand.txt
knee_left,174.2,306_18_4_7_1_stand.txt
knee_right,177.39,306_18_4_7_1_stand.txt
knee_left,173.29,306_18_4_8_1_stand.txt
knee_right,176.72,306_18_4_8_1_stand.txt
knee_left,173.36,306_18_4_9_1_stand.txt
knee_right,176.86,306_18_4_9_1_stand.txt
knee_left,174.84,306_18_5_10_1_stand.txt
knee_right,175.67,306_18_5_10_1_stand.txt
knee_left,174.67,306_18_5_11_1_stand.txt
knee_right,176.13,306_18_5_11_1_stand.txt
knee_left,174.6,306_18_5_12_1_stand.txt
knee_right,176.39,306_18_5_12_1_stand.txt
knee_left,175.53,306_18_5_7_1_stand.txt
knee_right,176.34,306_18_5_7_1_stand.txt
knee_left,175.25,306_18_5_8_1_stand.txt
knee_right,175.92,306_18_5_8_1_stand.txt
knee_left,174.89,306_18_5_9_1_stand.txt
knee_right,175.73,306_18_5_9_1_stand.txt
knee_left,176.2,306_18_6_10_1_stand.txt
knee_right,177.47,306_18_6_10_1_stand.txt
knee_left,176.09,306_18_6_11_1_stand.txt
knee_right,177.37,306_18_6_11_1_stand.txt
knee_left,176.3,306_18_6_12_1_stand.txt
knee_right,178.06,306_18_6_12_1_stand.txt
knee_left,176.33,306_18_6_13_1_stand.txt
knee_right,177.95,306_18_6_13_1_stand.txt
knee_left,175.63,306_18_6_8_1_stand.txt
knee_right,176.51,306_18_6_8_1_stand.txt
knee_left,176.46,306_18_6_9_1_stand.txt
knee_right,177.36,306_18_6_9_1_stand.txt
knee_left,175.63,306_18_7_10_1_stand.txt
knee_right,172.31,306_18_7_10_1_stand.txt
knee_left,174.97,306_18_7_11_1_stand.txt
knee_right,170.92,306_18_7_11_1_stand.txt
knee_left,175.37,306_18_7_12_1_stand.txt
knee_right,173.52,306_18_7_12_1_stand.txt
hip_right,144.62,306_18_7_3_1_sit.txt
hip_right,144.18,306_18_7_4_1_sit.txt
hip_right,144.49,306_18_7_6_1_sit.txt
knee_left,177.07,306_18_7_7_1_stand.txt
knee_right,174.88,306_18_7_7_1_stand.txt
knee_left,174.72,306_18_7_8_1_stand.txt
knee_right,173.54,306_18_7_8_1_stand.txt
knee_left,174.62,306_18_7_9_1_stand.txt
knee_right,172.33,306_18_7_9_1_stand.txt
knee_left,170.24,306_18_8_10_1_stand.txt
knee_right,177.87,306_18_8_10_1_stand.txt
knee_left,170.19,306_18_8_11_1_stand.txt
knee_right,176.86,306_18_8_11_1_stand.txt
knee_left,168.45,306_18_8_12_1_stand.txt
knee_right,177.27,306_18_8_12_1_stand.txt
knee_left,173.1,306_18_8_7_1_stand.txt
knee_right,176.07,306_18_8_7_1_stand.txt
knee_left,171.29,306_18_8_8_1_stand.txt
knee_right,177.18,306_18_8_8_1_stand.txt
knee_left,171.3,306_18_8_9_1_stand.txt
knee_right,176.51,306_18_8_9_1_stand.txt
knee_left,177.99,307_18_0_10_1_stand.txt
knee_right,178.85,307_18_0_10_1_stand.txt
knee_left,177.82,307_18_0_11_1_stand.txt
knee_right,177.86,307_18_0_11_1_stand.txt
knee_left,178.24,307_18_0_6_1_stand.txt
knee_right,178.96,307_18_0_6_1_stand.txt
knee_left,178.38,307_18_0_7_1_stand.txt
knee_right,179.2,307_18_0_7_1_stand.txt
knee_left,177.63,307_18_0_8_1_stand.txt
knee_right,178.73,307_18_0_8_1_stand.txt
knee_left,178.35,307_18_0_9_1_stand.txt
knee_right,178.49,307_18_0_9_1_stand.txt
knee_left,176.68,307_18_1_10_1_stand.txt
knee_right,177.35,307_18_1_10_1_stand.txt
knee_left,176.77,307_18_1_11_1_stand.txt
knee_right,177.13,307_18_1_11_1_stand.txt
knee_left,178.13,307_18_1_12_1_stand.txt
knee_right,177.24,307_18_1_12_1_stand.txt
knee_left,177.58,307_18_1_13_1_stand.txt
knee_right,176.29,307_18_1_13_1_stand.txt
knee_left,177.54,307_18_1_8_1_stand.txt
knee_right,176.72,307_18_1_8_1_stand.txt
knee_left,177.62,307_18_1_9_1_stand.txt
knee_right,176.84,307_18_1_9_1_stand.txt
knee_left,176.5,307_18_2_10_1_stand.txt
knee_right,175.34,307_18_2_10_1_stand.txt
knee_left,176.13,307_18_2_11_1_stand.txt
knee_right,175.11,307_18_2_11_1_stand.txt
knee_left,176.24,307_18_2_12_1_stand.txt
knee_right,174.96,307_18_2_12_1_stand.txt
knee_left,176.9,307_18_2_7_1_stand.txt
knee_right,176.02,307_18_2_7_1_stand.txt
knee_left,176.54,307_18_2_8_1_stand.txt
knee_right,175.79,307_18_2_8_1_stand.txt
knee_left,176.91,307_18_2_9_1_stand.txt
knee_right,175.72,307_18_2_9_1_stand.txt
knee_left,177.5,307_18_3_10_1_stand.txt
knee_right,176.8,307_18_3_10_1_stand.txt
knee_left,177.25,307_18_3_11_1_stand.txt
knee_right,176.59,307_18_3_11_1_stand.txt
knee_left,177.31,307_18_3_7_1_stand.txt
knee_right,176.7,307_18_3_7_1_stand.txt
knee_left,177.27,307_18_3_8_1_stand.txt
knee_right,176.57,307_18_3_8_1_stand.txt
knee_left,177.52,307_18_3_9_1_stand.txt
knee_right,176.7,307_18_3_9_1_stand.txt
knee_left,177.83,307_18_4_10_1_stand.txt
knee_right,177.18,307_18_4_10_1_stand.txt
knee_left,177.4,307_18_4_11_1_stand.txt
knee_right,176.81,307_18_4_11_1_stand.txt
knee_left,177.22,307_18_4_12_1_stand.txt
knee_right,177.08,307_18_4_12_1_stand.txt
knee_left,177.41,307_18_4_13_1_stand.txt
knee_right,177.08,307_18_4_13_1_stand.txt
elbow_right,174.09,307_18_4_2_1_sit.txt
elbow_right,174.09,307_18_4_4_1_sit.txt
knee_left,177.11,307_18_4_8_1_stand.txt
knee_right,176.59,307_18_4_8_1_stand.txt
knee_left,177.91,307_18_4_9_1_stand.txt
knee_right,177.35,307_18_4_9_1_stand.txt
knee_left,177.2,307_18_5_10_1_stand.txt
knee_right,177.2,307_18_5_10_1_stand.txt
knee_left,176.96,307_18_5_11_1_stand.txt
knee_right,176.56,307_18_5_11_1_stand.txt
knee_left,176.26,307_18_5_7_1_stand.txt
knee_right,177.69,307_18_5_7_1_stand.txt
knee_left,176.45,307_18_5_8_1_stand.txt
knee_right,177.17,307_18_5_8_1_stand.txt
knee_left,177.0,307_18_5_9_1_stand.txt
knee_right,176.95,307_18_5_9_1_stand.txt
knee_left,177.24,307_18_6_10_1_stand.txt
knee_right,175.4,307_18_6_10_1_stand.txt
knee_left,177.47,307_18_6_11_1_stand.txt
knee_right,175.24,307_18_6_11_1_stand.txt
knee_left,176.6,307_18_6_12_1_stand.txt
knee_right,175.92,307_18_6_12_1_stand.txt
knee_left,177.45,307_18_6_7_1_stand.txt
knee_right,175.22,307_18_6_7_1_stand.txt
knee_left,177.4,307_18_6_8_1_stand.txt
knee_right,175.89,307_18_6_8_1_stand.txt
knee_left,178.31,307_18_6_9_1_stand.txt
knee_right,176.44,307_18_6_9_1_stand.txt
knee_left,173.42,307_18_7_10_1_stand.txt
knee_left,172.16,307_18_7_11_1_stand.txt
knee_left,172.58,307_18_7_12_1_stand.txt
hip_right,151.01,307_18_7_1_1_sit.txt
hip_right,147.31,307_18_7_2_1_sit.txt
hip_right,146.66,307_18_7_3_1_sit.txt
hip_right,148.98,307_18_7_4_1_sit.txt
hip_right,146.06,307_18_7_5_1_sit.txt
hip_right,146.84,307_18_7_6_1_sit.txt
knee_left,173.39,307_18_7_7_1_stand.txt
knee_right,166.62,307_18_7_7_1_stand.txt
knee_left,172.61,307_18_7_8_1_stand.txt
knee_right,163.11,307_18_7_8_1_stand.txt
knee_left,172.99,307_18_7_9_1_stand.txt
knee_right,162.97,307_18_7_9_1_stand.txt
knee_right,175.61,307_18_8_10_1_stand.txt
knee_right,175.82,307_18_8_11_1_stand.txt
knee_right,174.68,307_18_8_12_1_stand.txt
knee_left,164.18,307_18_8_7_1_stand.txt
knee_right,174.5,307_18_8_7_1_stand.txt
knee_right,175.56,307_18_8_8_1_stand.txt
knee_right,176.07,307_18_8_9_1_stand.txt
