Joint,Mean Error Score
KneeLeft,0.4863791235607064
KneeRight,0.4713336641911333
ElbowRight,0.44525751330623903
ElbowLeft,0.4440064492738321
ShoulderRight,0.4049388490197207
ShoulderLeft,0.4030760039757932
HipRight,0.3921848265528047
HipLeft,0.3793537973865693
WristLeft,0.37269896821793874
WristRight,0.37260519592081726
HandLeft,0.3445132253457572
HandRight,0.34398008404234437
AnkleLeft,0.3358537982717226
AnkleRight,0.332981211222465
ThumbLeft,0.3027705784645724
HandTipLeft,0.3020113756452113
HandTipRight,0.3010742737647223
ThumbRight,0.3009303885731258
FootRight,0.295433495095353
FootLeft,0.2954185696679887
SpineShoulder,0.19999975186435137
SpineBase,0.19430660940783462
SpineMid,0.16892907314781336
Neck,0.1664134145713884
Head,0.12561308904425708
