subject_id,errors,total,error_rate
101,2,107,0.0187
102,10,110,0.0909
103,6,109,0.055
104,1,57,0.0175
105,2,115,0.0174
106,0,107,0.0
107,1,109,0.0092
201,13,111,0.1171
202,49,111,0.4414
203,9,50,0.18
204,38,177,0.2147
205,7,21,0.3333
206,58,140,0.4143
207,10,89,0.1124
209,21,53,0.3962
210,25,34,0.7353
211,18,51,0.3529
212,27,52,0.5192
213,13,54,0.2407
214,15,52,0.2885
215,10,73,0.137
216,18,54,0.3333
217,11,61,0.1803
301,1,108,0.0093
302,2,110,0.0182
303,0,107,0.0
304,2,55,0.0364
305,6,96,0.0625
306,0,109,0.0
307,1,107,0.0093
