subject_id,exercise,rep_count,degradation_slope,trajectory
101,4,3,0.15537935495375946,Stable
101,4,1,0.0,Stable
101,4,1,0.0,Stable
101,4,1,0.0,Stable
101,4,1,0.0,Stable
101,4,4,-1.0787946611642871,Deteriorating
101,4,1,0.0,Stable
101,4,1,0.0,Stable
101,4,4,0.18873443603515747,Stable
101,4,1,0.0,Stable
101,4,2,0.2549108266830465,Stable
101,4,1,0.0,Stable
101,4,2,0.24855959415434595,Stable
101,4,3,-0.2789367437362693,Stable
101,4,1,0.0,Stable
101,4,2,-0.028832793235781147,Stable
101,4,2,-0.10729694366456825,Stable
101,4,2,0.01590073108671623,Stable
101,4,2,-0.30533647537232395,Stable
101,4,1,0.0,Stable
101,4,4,0.003362858295446372,Stable
101,4,2,-1.0640004873275855,Deteriorating
101,4,4,0.11342868804932123,Stable
101,4,5,0.07873275279998213,Stable
101,4,5,0.10606710910796985,Stable
101,4,4,-0.1257400822639381,Stable
101,4,4,0.021431972980493694,Stable
101,4,4,0.19933781623839886,Stable
101,4,5,0.09659081697462155,Stable
101,4,6,0.07650114536285157,Stable
101,4,5,0.08247026443480791,Stable
101,4,6,-0.0762099586214379,Stable
101,4,5,0.049588847160333724,Stable
101,4,5,0.16566915512084768,Stable
101,4,4,0.14178694486618196,Stable
101,4,5,0.06808526515960603,Stable
101,4,3,-0.04059875011443786,Stable
101,4,4,0.05061341762543612,Stable
101,4,4,-0.13748105287551549,Stable
101,4,5,0.007943284511563547,Stable
101,4,5,0.05888249874114549,Stable
101,4,4,0.05607975721358586,Stable
101,4,5,0.056443309783930154,Stable
101,4,4,0.1637062788009569,Stable
101,4,4,0.26823961257934437,Stable
101,4,5,0.026020691394791642,Stable
101,4,3,-0.3409313082695001,Stable
101,4,3,-0.04748159646988721,Stable
101,4,9,-0.019062718550364136,Stable
101,4,4,0.020481371879586818,Stable
101,4,4,0.09557095766067727,Stable
101,4,3,0.11702865362166762,Stable
101,4,3,0.042748332023608844,Stable
101,4,4,0.023584485054014486,Stable
101,4,5,0.10026012659072775,Stable
101,4,4,0.1282155394554129,Stable
101,4,4,-0.0438909292221072,Stable
101,4,4,0.05278542518615828,Stable
101,4,3,0.14525443315504916,Stable
101,4,6,-0.04908428192138461,Stable
101,4,4,0.009447085857390382,Stable
101,4,4,-0.021398351192471472,Stable
101,4,4,0.07493757009506458,Stable
101,4,4,0.10581499338150252,Stable
101,4,4,0.00733373641968781,Stable
101,4,4,0.07066158056259611,Stable
101,4,4,-0.04178933620453508,Stable
101,4,4,0.19648255109786325,Stable
101,4,1,0.0,Stable
101,4,4,-0.0019969463348262794,Stable
101,4,4,0.18293970465660045,Stable
101,4,3,0.3467536568641686,Stable
101,4,4,0.23475381374359827,Stable
101,4,5,-1.2228345464170003,Deteriorating
101,4,5,-0.1954959647357443,Stable
101,4,3,0.3510802268982027,Stable
101,4,6,0.08762791825192198,Stable
101,4,4,0.2823819561302617,Stable
101,4,5,0.07525137141346282,Stable
101,4,4,-1.1811071993410682,Deteriorating
101,4,4,-0.4730910727381669,Stable
101,4,3,0.46910804808140427,Stable
101,4,5,0.09486163526772466,Stable
101,4,3,0.12526136636734136,Stable
101,4,4,-0.017921674251556538,Stable
101,4,3,-0.10765188932417914,Stable
101,4,1,0.0,Stable
101,4,3,1.4016065120697025,Improving
101,4,3,-1.9204701542854379,Deteriorating
101,4,4,-0.8539198589324991,Stable
101,4,3,-2.075809484720232,Deteriorating
101,4,4,1.0913264107704166,Improving
101,4,3,0.1605472564697258,Stable
101,4,3,-0.21157771348953358,Stable
101,4,3,0.25945854187011186,Stable
101,4,3,0.10695523023604935,Stable
101,4,4,0.14173304557800837,Stable
101,4,4,0.1288673639297514,Stable
101,4,1,0.0,Stable
101,4,3,-2.0668851971626387,Deteriorating
101,4,3,2.3634193003177684,Improving
101,4,4,-0.1498127520084472,Stable
101,4,4,-1.029186463356017,Deteriorating
101,4,4,-1.024384424686421,Deteriorating
101,4,3,0.26013636589050304,Stable
101,4,3,0.1449976563453633,Stable
101,4,3,0.39604635238645475,Stable
102,0,1,0.0,Stable
102,0,3,-0.43675333261488675,Stable
102,0,3,0.46309906244278976,Stable
102,3,3,-0.31667429208755127,Stable
102,3,2,-0.16971075534822788,Stable
102,3,2,0.19751608371733767,Stable
102,3,2,0.3195116519927934,Stable
102,3,1,0.0,Stable
102,3,2,-0.007769584655775626,Stable
102,3,1,0.0,Stable
102,0,1,0.0,Stable
102,0,1,0.0,Stable
102,0,1,0.0,Stable
102,0,1,0.0,Stable
102,3,1,0.0,Stable
102,3,2,-0.42325711250308673,Stable
102,3,1,0.0,Stable
102,3,1,0.0,Stable
102,3,1,0.0,Stable
102,3,2,0.19298326969146096,Stable
102,0,1,0.0,Stable
102,0,1,0.0,Stable
102,0,1,0.0,Stable
102,0,2,0.6015757322311162,Stable
102,0,2,1.4277489185333359,Improving
102,0,3,0.05104243755340545,Stable
102,0,2,0.4631466865539547,Stable
102,0,2,-0.9313193559646922,Stable
102,3,3,-0.3156057596206764,Stable
102,3,4,0.08194010853767345,Stable
102,3,4,0.011407804489140912,Stable
102,3,4,0.12537968158720778,Stable
102,3,4,0.4977065324783266,Stable
102,3,4,0.21059051752090008,Stable
102,3,3,0.4269911050796529,Stable
102,0,2,1.0195090055465759,Improving
102,0,2,-0.1641781330108793,Stable
102,0,3,-0.0386365652084296,Stable
102,0,4,0.2522153377532994,Stable
102,0,3,-0.4900282025337327,Stable
102,3,4,0.2876414656639137,Stable
102,3,4,0.0904396176338202,Stable
102,3,4,0.24108129739760595,Stable
102,3,3,0.6018271923065239,Stable
102,3,4,0.2305626392364486,Stable
102,3,3,0.1235803961753811,Stable
102,0,3,0.4891049861908012,Stable
102,0,2,0.946137928962699,Stable
102,0,4,-0.19973628044128336,Stable
102,0,3,0.7064567804336551,Stable
102,0,3,-0.030004382133486558,Stable
102,0,3,0.4856584668159525,Stable
102,3,3,0.03792369365691327,Stable
102,3,3,0.1085010468959732,Stable
102,3,3,0.16781030893324975,Stable
102,3,3,0.13099016547203385,Stable
102,3,4,-0.06047012329101511,Stable
102,3,3,0.024788963794699925,Stable
102,3,4,0.10440477609634742,Stable
102,0,4,-0.11704163551330209,Stable
102,0,3,1.3329043388366695,Improving
102,0,3,0.44183075428007834,Stable
102,0,3,0.6544651985168618,Stable
102,0,3,0.901881456375114,Stable
102,0,3,1.313364744186409,Improving
102,3,3,-0.043154835700976314,Stable
102,3,3,0.004462718963630818,Stable
102,3,4,0.055204945802682995,Stable
102,3,4,0.07209555506706021,Stable
102,3,3,0.07719581127166544,Stable
102,3,3,0.26788097620010426,Stable
102,0,3,-0.345563054084771,Stable
102,0,3,-1.1012286543846097,Deteriorating
102,0,3,-0.4393072128295767,Stable
102,0,3,-1.1983719840645812,Deteriorating
102,0,3,0.3025713413953716,Stable
102,0,2,-1.8428652584552674,Deteriorating
102,3,5,0.11148392260074248,Stable
102,3,4,-0.43908425733447715,Stable
102,3,5,-0.1748253279924453,Stable
102,3,4,0.0887836247682505,Stable
102,3,3,1.23561879992485,Improving
102,3,4,-0.16020738780499488,Stable
102,0,3,-1.2126016095280632,Deteriorating
102,0,3,1.1081786006689214,Improving
102,0,3,0.7697966173291118,Stable
102,0,1,0.0,Stable
102,0,1,0.0,Stable
102,0,1,0.0,Stable
102,3,3,0.0392748832702707,Stable
102,3,3,0.11975479125977172,Stable
102,3,4,-0.609688892364514,Stable
102,3,3,0.5174979567527795,Stable
102,3,4,-0.7243809306621513,Stable
102,3,3,0.5836327791213942,Stable
102,0,1,0.0,Stable
102,0,1,0.0,Stable
102,0,2,0.7437294721603396,Stable
102,0,3,1.26284512281418,Improving
102,0,1,0.0,Stable
102,0,1,0.0,Stable
102,3,3,0.09077937602995584,Stable
102,3,3,-0.11012482643127783,Stable
102,3,3,-1.0675306320190543,Deteriorating
102,3,4,-0.46409014701843576,Stable
102,3,3,0.19129312038422133,Stable
102,3,2,0.21404504775999075,Stable
102,0,1,0.0,Stable
102,0,3,-1.9812559127807785,Deteriorating
102,0,1,0.0,Stable
