metric,value
n_total,2592.0
n_healthy,2059.0
n_compensated,533.0
accuracy,0.8533950617283951
balanced_accuracy,0.8368066977266329
precision_macro,0.7768647845356755
recall_macro,0.8368066977266329
f1_macro,0.7988220501621335
precision_healthy,0.9458311205523101
recall_healthy,0.864983001457018
f1_healthy,0.9036022323693557
support_healthy,2059.0
precision_compensated,0.607898448519041
recall_compensated,0.8086303939962477
f1_compensated,0.6940418679549114
support_compensated,533.0
sensitivity,0.8086303939962477
specificity,0.864983001457018
roc_auc,0.9318691472116648
pr_auc,0.8003812163041698
mcc,0.610736977089996
cohen_kappa,0.6001737386694378
true_positives,431.0
true_negatives,1781.0
false_positives,278.0
false_negatives,102.0
mean_confidence,0.8736955091633178
std_confidence,0.13897967086887208
min_confidence,0.5004671216011047
max_confidence,0.9937146306037903
