subject_id,n_total,n_healthy,n_compensated,accuracy,balanced_accuracy,f1_macro,mcc,sensitivity,specificity,roc_auc,pr_auc,mean_confidence
101,108,105,3,0.9815,0.9905,0.8702,0.7672,1.0,0.981,0.9968,0.9167,0.9044
102,111,109,2,0.9099,0.9541,0.6188,0.3891,1.0,0.9083,0.9817,0.6667,0.921
103,110,108,2,0.9455,0.9722,0.6857,0.4859,1.0,0.9444,0.9861,0.7,0.9052
104,57,57,0,0.9825,0.9825,0.4956,0.0,0.0,0.9825,0.5,0.5,0.9157
105,115,113,2,0.9826,0.5,0.4956,0.0,0.0,1.0,0.9469,0.3269,0.9678
106,107,107,0,1.0,1.0,0.5,0.0,0.0,1.0,1.0,1.0,0.9248
107,109,109,0,0.9908,0.9908,0.4977,0.0,0.0,0.9908,0.5,0.5,0.8984
201,111,19,92,0.8829,0.6579,0.707,0.526,1.0,0.3158,0.8215,0.9561,0.9381
202,111,95,16,0.5586,0.5342,0.467,0.0484,0.5,0.5684,0.6007,0.3371,0.6898
203,50,16,34,0.82,0.8015,0.7965,0.5937,0.8529,0.75,0.9449,0.9748,0.8302
204,177,70,107,0.7853,0.7607,0.7675,0.5431,0.8785,0.6429,0.8804,0.9312,0.8108
205,21,19,2,0.6667,0.5921,0.5051,0.1147,0.5,0.6842,0.6579,0.1825,0.6534
206,140,73,67,0.5857,0.5899,0.5836,0.1827,0.6866,0.4932,0.6334,0.5858,0.7814
207,89,5,84,0.8876,0.5643,0.5532,0.11,0.9286,0.2,0.831,0.9893,0.901
209,53,39,14,0.6038,0.7308,0.6015,0.4297,1.0,0.4615,0.6648,0.4187,0.6969
210,34,27,7,0.2647,0.4841,0.2589,-0.0398,0.8571,0.1111,0.8095,0.7982,0.7883
211,51,32,19,0.6471,0.676,0.6458,0.3436,0.7895,0.5625,0.8849,0.8969,0.8264
212,52,31,21,0.4808,0.4032,0.3247,-0.2973,0.0,0.8065,0.4516,0.3601,0.6596
213,54,39,15,0.7593,0.7308,0.7164,0.4385,0.6667,0.7949,0.8632,0.7569,0.8101
214,52,47,5,0.7115,0.6617,0.5525,0.2066,0.6,0.7234,0.7617,0.2138,0.8237
215,73,60,13,0.8493,0.5769,0.5913,0.3606,0.1538,1.0,0.9064,0.8062,0.895
216,54,36,18,0.6667,0.75,0.6667,0.5,1.0,0.5,0.9259,0.8517,0.884
217,61,52,9,0.8197,0.8483,0.7384,0.5417,0.8889,0.8077,0.9359,0.802,0.7452
301,108,108,0,0.9907,0.9907,0.4977,0.0,0.0,0.9907,0.5,0.5,0.935
302,110,109,1,0.9818,0.4954,0.4954,-0.0092,0.0,0.9908,0.9817,0.3333,0.945
303,107,107,0,1.0,1.0,0.5,0.0,0.0,1.0,1.0,1.0,0.956
304,55,55,0,0.9636,0.9636,0.4907,0.0,0.0,0.9636,0.5,0.5,0.904
305,96,96,0,0.9062,0.9062,0.4754,0.0,0.0,0.9062,0.5,0.5,0.8732
306,109,109,0,1.0,1.0,0.5,0.0,0.0,1.0,1.0,1.0,0.9722
307,107,107,0,0.9907,0.9907,0.4977,0.0,0.0,0.9907,0.5,0.5,0.9693
